trial_id_global,session,subtask,sentence,encounter_count
1,1,passive,SBJ.N3 REVEAL-INTR,0
2,1,passive,OBJ.N5 SBJ.N4 PUSH-TR,0
3,1,passive,OBJ.N5 SBJ.N1 HIDE-TR,0
4,1,passive,SBJ.N1 HIDE-INTR,0
5,1,passive,SBJ.N2 REVEAL-INTR,0
6,1,passive,OBJ.N5 SBJ.N3 REVEAL-TR,0
7,1,passive,SBJ.N2 GO-INTR,0
8,1,passive,OBJ.N5 SBJ.N1 PUSH-TR,0
9,1,passive,SBJ.N1 JUMP-INTR,0
10,1,passive,OBJ.N5 SBJ.N2 REVEAL-TR,0
11,1,passive,OBJ.N5 SBJ.N2 HIDE-TR,0
12,1,passive,SBJ.N2 JUMP-INTR,0
13,1,passive,SBJ.N5 HIDE-INTR,0
14,1,passive,OBJ.N5 SBJ.N3 REVEAL-TR,1
15,1,passive,SBJ.N2 GO-INTR,1
16,1,passive,OBJ.N5 SBJ.N2 PUSH-TR,0
17,1,passive,SBJ.N5 REVEAL-INTR,0
18,1,passive,OBJ.N5 SBJ.N4 HIDE-TR,0
19,1,passive,SBJ.N2 GO-INTR,2
20,1,passive,SBJ.N1 REVEAL-INTR,0
21,1,passive,OBJ.N5 SBJ.N1 REVEAL-TR,0
22,1,passive,OBJ.N5 SBJ.N1 REVEAL-TR,1
23,1,passive,OBJ.N5 SBJ.N2 PUSH-TR LOC.N1,0
24,1,passive,SBJ.N4 REVEAL-INTR LOC.N3,0
25,1,passive,OBJ.N5 SBJ.N1 HIDE-TR LOC.N2,0
26,1,passive,SBJ.N4 REVEAL-INTR LOC.N3,1
27,1,passive,OBJ.N5 SBJ.N4 REVEAL-TR LOC.N1,0
28,1,passive,SBJ.N5 REVEAL-INTR LOC.N3,0
29,1,passive,OBJ.N5 SBJ.N3 HIDE-TR LOC.N4,0
30,1,passive,OBJ.N5 SBJ.N1 REVEAL-TR LOC.N2,0
31,1,passive,OBJ.N5 SBJ.N4 PUSH-TR LOC.N2,0
32,1,passive,OBJ.N5 SBJ.N4 HIDE-TR LOC.N1,0
33,1,passive,Ab SBJ.N2 JUMP-INTR,0
34,1,passive,OBJ.N5 Ab SBJ.N4 REVEAL-TR,0
35,1,passive,OBJ.N5 SBJ.N3 PUSH-TR LOC.N1,0
36,1,passive,Ab SBJ.N4 HIDE-INTR,0
37,1,passive,SBJ.N4 HIDE-INTR LOC.N1,0
38,1,passive,SBJ.N5 JUMP-INTR LOC.N2,0
39,1,passive,SBJ.N5 GO-INTR LOC.N4,0
40,1,passive,SBJ.N3 HIDE-INTR LOC.N4,0
41,1,passive,SBJ.N5 JUMP-INTR LOC.N4,0
42,1,passive,OBJ.N5 Ab SBJ.N1 PUSH-TR,0
43,2,passive,SBJ.N1 GO-INTR,0
44,2,passive,OBJ.N5 SBJ.N3 REVEAL-TR,2
45,2,passive,OBJ.N5 SBJ.N2 PUSH-TR,1
46,2,passive,SBJ.N1 GO-INTR,1
47,2,passive,OBJ.N5 SBJ.N4 HIDE-TR,1
48,2,passive,SBJ.N2 HIDE-INTR,0
49,2,passive,OBJ.N5 SBJ.N3 REVEAL-TR,3
50,2,passive,SBJ.N3 JUMP-INTR,0
51,2,passive,SBJ.N5 REVEAL-INTR,1
52,2,passive,OBJ.N5 SBJ.N4 HIDE-TR,2
53,2,passive,SBJ.N3 JUMP-INTR,1
54,2,passive,OBJ.N5 SBJ.N2 PUSH-TR,2
55,2,passive,OBJ.N5 SBJ.N1 HIDE-TR,1
56,2,passive,SBJ.N2 HIDE-INTR,1
57,2,passive,OBJ.N5 SBJ.N2 PUSH-TR,3
58,2,passive,SBJ.N3 GO-INTR,0
59,2,passive,SBJ.N4 REVEAL-INTR,0
60,2,passive,OBJ.N5 SBJ.N3 REVEAL-TR,4
61,2,passive,SBJ.N5 JUMP-INTR,0
62,2,passive,SBJ.N3 GO-INTR,1
63,2,passive,OBJ.N5 SBJ.N3 REVEAL-TR,5
64,2,passive,OBJ.N5 SBJ.N1 REVEAL-TR,2
65,2,passive,OBJ.N5 SBJ.N2 PUSH-TR LOC.N4,0
66,2,passive,SBJ.N4 REVEAL-INTR LOC.N5,0
67,2,passive,OBJ.N5 SBJ.N1 HIDE-TR LOC.N2,1
68,2,passive,SBJ.N2 REVEAL-INTR LOC.N5,0
69,2,passive,OBJ.N5 SBJ.N1 PUSH-TR LOC.N2,0
70,2,passive,SBJ.N3 REVEAL-INTR LOC.N4,0
71,2,passive,OBJ.N5 SBJ.N4 HIDE-TR LOC.N3,0
72,2,passive,OBJ.N5 SBJ.N3 REVEAL-TR LOC.N4,0
73,2,passive,OBJ.N5 SBJ.N2 PUSH-TR LOC.N4,1
74,2,passive,OBJ.N5 SBJ.N1 REVEAL-TR,3
75,2,passive,OBJ.N5 SBJ.N4 HIDE-TR LOC.N2,0
76,2,passive,SBJ.N5 JUMP-INTR,1
77,2,passive,Aa SBJ.N5 HIDE-INTR,0
78,2,passive,SBJ.N5 GO-INTR LOC.N3,0
79,2,passive,SBJ.N2 JUMP-INTR LOC.N1,0
80,2,passive,SBJ.N3 GO-INTR LOC.N2,0
81,2,passive,SBJ.N5 HIDE-INTR LOC.N3,0
82,2,passive,SBJ.N1 HIDE-INTR LOC.N3,0
83,2,passive,OBJ.N5 SBJ.N4 HIDE-TR,3
84,2,passive,OBJ.N5 SBJ.N1 HIDE-TR LOC.N2,2
85,2,comprehension,OBJ.N5 SBJ.N2 HIDE-TR,1
86,2,comprehension,SBJ.N5 HIDE-INTR,1
87,2,comprehension,SBJ.N5 JUMP-INTR,2
88,2,comprehension,OBJ.N5 SBJ.N3 REVEAL-TR,6
89,2,comprehension,OBJ.N5 SBJ.N3 PUSH-TR,0
90,2,comprehension,SBJ.N1 HIDE-INTR,1
91,2,comprehension,OBJ.N5 SBJ.N4 HIDE-TR,4
92,2,comprehension,SBJ.N2 REVEAL-INTR,1
93,2,comprehension,OBJ.N5 SBJ.N4 PUSH-TR,1
94,2,comprehension,SBJ.N1 GO-INTR,2
95,2,comprehension,SBJ.N4 REVEAL-INTR,1
96,2,comprehension,OBJ.N5 SBJ.N4 REVEAL-TR,0
97,2,comprehension,SBJ.N3 JUMP-INTR,2
98,2,comprehension,OBJ.N5 SBJ.N4 PUSH-TR,2
99,2,comprehension,OBJ.N5 SBJ.N4 REVEAL-TR,1
100,2,comprehension,SBJ.N5 GO-INTR,0
101,2,comprehension,SBJ.N1 HIDE-INTR,2
102,2,comprehension,OBJ.N5 SBJ.N3 HIDE-TR,0
103,2,comprehension,SBJ.N5 REVEAL-INTR,2
104,2,comprehension,SBJ.N5 GO-INTR,1
105,2,comprehension,OBJ.N5 SBJ.N1 HIDE-TR,2
106,2,comprehension,OBJ.N5 SBJ.N4 REVEAL-TR,2
107,2,comprehension,SBJ.N2 REVEAL-INTR LOC.N4,0
108,2,comprehension,OBJ.N5 SBJ.N4 PUSH-TR LOC.N2,1
109,2,comprehension,OBJ.N5 SBJ.N4 HIDE-TR LOC.N2,1
110,2,comprehension,SBJ.N2 REVEAL-INTR LOC.N4,1
111,2,comprehension,SBJ.N5 REVEAL-INTR LOC.N4,0
112,2,comprehension,OBJ.N5 SBJ.N4 REVEAL-TR LOC.N1,1
113,2,comprehension,OBJ.N5 SBJ.N1 HIDE-TR LOC.N2,3
114,2,comprehension,OBJ.N5 SBJ.N2 PUSH-TR LOC.N4,2
115,2,comprehension,OBJ.N5 SBJ.N1 REVEAL-TR LOC.N3,0
116,2,comprehension,SBJ.N3 GO-INTR,2
117,2,comprehension,OBJ.N5 SBJ.N3 PUSH-TR LOC.N4,0
118,2,comprehension,OBJ.N5 Ab SBJ.N1 HIDE-TR,0
119,2,comprehension,SBJ.N1 JUMP-INTR,1
120,2,comprehension,SBJ.N2 HIDE-INTR LOC.N3,0
121,2,comprehension,SBJ.N4 HIDE-INTR LOC.N5,0
122,2,comprehension,SBJ.N5 GO-INTR LOC.N4,1
123,2,comprehension,SBJ.N3 JUMP-INTR LOC.N2,0
124,2,comprehension,SBJ.N4 JUMP-INTR LOC.N1,0
125,2,comprehension,Ab OBJ.N5 SBJ.N2 HIDE-TR,0
126,2,comprehension,OBJ.N5 SBJ.N3 REVEAL-TR LOC.N4,1
127,2,production,OBJ.N5 SBJ.N4 HIDE-TR,5
128,2,production,SBJ.N3 JUMP-INTR,3
129,2,production,SBJ.N4 GO-INTR,0
130,2,production,OBJ.N5 SBJ.N4 PUSH-TR,3
131,2,production,OBJ.N5 SBJ.N3 REVEAL-TR,7
132,2,production,SBJ.N4 HIDE-INTR,0
133,2,production,OBJ.N5 SBJ.N4 PUSH-TR,4
134,2,production,SBJ.N3 REVEAL-INTR,1
135,2,production,OBJ.N5 SBJ.N4 REVEAL-TR,3
136,2,production,SBJ.N3 JUMP-INTR,4
137,2,production,OBJ.N5 SBJ.N4 HIDE-TR,6
138,2,production,SBJ.N2 REVEAL-INTR,2
139,2,production,OBJ.N5 SBJ.N4 HIDE-TR,7
140,2,production,SBJ.N1 GO-INTR,3
141,2,production,OBJ.N5 SBJ.N3 REVEAL-TR,8
142,2,production,SBJ.N3 JUMP-INTR,5
143,2,production,SBJ.N4 HIDE-INTR,1
144,2,production,OBJ.N5 SBJ.N2 PUSH-TR,4
145,2,production,SBJ.N5 REVEAL-INTR,3
146,2,production,SBJ.N3 HIDE-INTR,0
147,2,production,OBJ.N5 SBJ.N2 PUSH-TR,5
148,2,production,OBJ.N5 SBJ.N1 PUSH-TR,1
149,2,production,OBJ.N5 SBJ.N2 HIDE-TR LOC.N3,0
150,2,production,SBJ.N4 REVEAL-INTR LOC.N3,2
151,2,production,SBJ.N4 REVEAL-INTR LOC.N3,3
152,2,production,OBJ.N5 SBJ.N1 PUSH-TR LOC.N2,1
153,2,production,OBJ.N5 SBJ.N1 REVEAL-TR LOC.N3,1
154,2,production,SBJ.N1 REVEAL-INTR LOC.N5,0
155,2,production,OBJ.N5 SBJ.N2 PUSH-TR LOC.N3,0
156,2,production,OBJ.N5 SBJ.N1 HIDE-TR LOC.N2,4
157,2,production,OBJ.N5 SBJ.N2 PUSH-TR LOC.N4,3
158,2,production,OBJ.N5 SBJ.N3 REVEAL-TR,9
159,2,production,OBJ.N5 SBJ.N3 HIDE-TR LOC.N4,1
160,2,production,Aa SBJ.N5 JUMP-INTR,0
161,2,production,SBJ.N3 HIDE-INTR,1
162,2,production,SBJ.N3 GO-INTR LOC.N2,1
163,2,production,SBJ.N1 HIDE-INTR LOC.N5,0
164,2,production,SBJ.N1 JUMP-INTR LOC.N5,0
165,2,production,SBJ.N5 GO-INTR LOC.N3,1
166,2,production,SBJ.N5 HIDE-INTR LOC.N2,0
167,2,production,OBJ.N5 SBJ.N3 HIDE-TR LOC.N2,0
168,2,production,Ab OBJ.N5 SBJ.N2 HIDE-TR,1
209,2,passive,OBJ.N5 SBJ.N4 PUSH-TR LOC.N1,0
210,2,passive,SBJ.N3 REVEAL-INTR LOC.N2,0
211,2,passive,OBJ.N5 SBJ.N4 REVEAL-TR LOC.N1,2
212,2,passive,SBJ.N5 REVEAL-INTR LOC.N3,1
213,2,passive,Ab SBJ.N1 GO-INTR,0
214,2,passive,Ab OBJ.N5 SBJ.N2 HIDE-TR,2
215,2,passive,Ab SBJ.N3 HIDE-INTR,0
216,2,passive,OBJ.N5 SBJ.N4 PUSH-TR LOC.N1,1
217,2,passive,OBJ.N5 SBJ.N4 REVEAL-TR,4
218,2,passive,SBJ.N5 REVEAL-INTR LOC.N4,1
219,2,passive,SBJ.N5 GO-INTR,2
220,2,passive,OBJ.N5 SBJ.N3 HIDE-TR,1
221,2,passive,OBJ.N5 SBJ.N4 HIDE-TR LOC.N1,1
222,2,passive,OBJ.N5 SBJ.N3 PUSH-TR LOC.N1,1
223,2,passive,OBJ.N5 Ab SBJ.N2 REVEAL-TR,0
224,2,passive,SBJ.N4 JUMP-INTR,0
225,2,passive,Ab SBJ.N4 JUMP-INTR,0
226,2,passive,SBJ.N4 GO-INTR LOC.N1,0
227,2,passive,SBJ.N3 HIDE-INTR LOC.N5,0
228,2,passive,SBJ.N1 JUMP-INTR LOC.N2,0
229,2,passive,OBJ.N5 Ab SBJ.N4 REVEAL-TR,1
230,2,passive,OBJ.N5 SBJ.N3 HIDE-TR LOC.N2,1
231,2,passive,Ab SBJ.N5 REVEAL-INTR Ab LOC.N4,0
232,2,passive,OBJ.N5 Ab SBJ.N4 PUSH-TR Ab LOC.N2,0
233,2,passive,OBJ.N5 Ab SBJ.N2 REVEAL-TR LOC.N4,0
234,2,passive,SBJ.N5 REVEAL-INTR LOC.N3,2
235,2,passive,OBJ.N5 SBJ.N1 PUSH-TR,2
236,2,passive,SBJ.N1 GO-INTR,4
237,2,passive,OBJ.N5 SBJ.N1 REVEAL-TR LOC.N2,1
238,2,passive,Ab SBJ.N4 REVEAL-INTR Ab LOC.N5,0
239,2,passive,OBJ.N5 SBJ.N4 HIDE-TR Ab LOC.N1,0
240,2,passive,OBJ.N5 Ab SBJ.N2 REVEAL-TR,1
241,2,passive,Ab SBJ.N1 HIDE-INTR,0
242,2,passive,OBJ.N5 SBJ.N4 HIDE-TR LOC.N2,2
243,2,passive,SBJ.N4 JUMP-INTR,1
244,2,passive,OBJ.N5 SBJ.N1 PUSH-TR,3
245,2,passive,Ab SBJ.N4 GO-INTR,0
246,2,passive,Ab SBJ.N2 HIDE-INTR LOC.N1,0
247,2,passive,Ab SBJ.N3 JUMP-INTR Ab LOC.N4,0
248,2,passive,Aa SBJ.N4 GO-INTR Aa LOC.N5,0
249,2,passive,OBJ.N5 SBJ.N2 PUSH-TR Ab LOC.N4,0
250,2,passive,OBJ.N5 SBJ.N4 REVEAL-TR,5
251,2,comprehension,SBJ.N3 REVEAL-INTR LOC.N5,0
252,2,comprehension,OBJ.N5 SBJ.N4 PUSH-TR LOC.N2,2
253,2,comprehension,OBJ.N5 SBJ.N4 HIDE-TR LOC.N3,1
254,2,comprehension,SBJ.N1 REVEAL-INTR LOC.N2,0
255,2,comprehension,OBJ.N5 SBJ.N4 REVEAL-TR,6
256,2,comprehension,SBJ.N2 GO-INTR,3
257,2,comprehension,SBJ.N5 JUMP-INTR,3
258,2,comprehension,OBJ.N5 SBJ.N1 PUSH-TR LOC.N2,2
259,2,comprehension,SBJ.N1 REVEAL-INTR LOC.N3,0
260,2,comprehension,Ab OBJ.N5 SBJ.N1 REVEAL-TR,0
261,2,comprehension,Ab SBJ.N2 HIDE-INTR,0
262,2,comprehension,OBJ.N5 SBJ.N1 HIDE-TR LOC.N2,5
263,2,comprehension,OBJ.N5 Ab SBJ.N1 HIDE-TR,1
264,2,comprehension,OBJ.N5 Ab SBJ.N1 REVEAL-TR,0
265,2,comprehension,OBJ.N5 SBJ.N4 PUSH-TR LOC.N1,2
266,2,comprehension,Ab SBJ.N2 GO-INTR,0
267,2,comprehension,SBJ.N5 HIDE-INTR,2
268,2,comprehension,SBJ.N1 JUMP-INTR LOC.N3,0
269,2,comprehension,SBJ.N5 GO-INTR LOC.N2,0
270,2,comprehension,SBJ.N3 HIDE-INTR LOC.N5,1
271,2,comprehension,OBJ.N5 SBJ.N3 PUSH-TR LOC.N1,2
272,2,comprehension,Ab OBJ.N5 SBJ.N1 REVEAL-TR,1
273,2,comprehension,OBJ.N5 SBJ.N1 PUSH-TR Ab LOC.N3,0
274,2,comprehension,Ab SBJ.N2 REVEAL-INTR Ab LOC.N4,0
275,2,comprehension,OBJ.N5 Ab SBJ.N1 REVEAL-TR Ab LOC.N3,0
276,2,comprehension,Ab SBJ.N4 REVEAL-INTR LOC.N3,0
277,2,comprehension,Ab SBJ.N5 REVEAL-INTR Ab LOC.N4,1
278,2,comprehension,Ab OBJ.N5 SBJ.N3 PUSH-TR,0
279,2,comprehension,Ab SBJ.N4 JUMP-INTR,1
280,2,comprehension,Ab OBJ.N5 SBJ.N4 HIDE-TR LOC.N3,0
281,2,comprehension,Ab OBJ.N5 SBJ.N4 REVEAL-TR,0
282,2,comprehension,Ab OBJ.N5 Ab SBJ.N2 HIDE-TR LOC.N4,0
283,2,comprehension,Ab SBJ.N4 GO-INTR,1
284,2,comprehension,Ab OBJ.N5 Ab SBJ.N1 PUSH-TR,0
285,2,comprehension,Ab SBJ.N5 HIDE-INTR,0
286,2,comprehension,Ab OBJ.N5 SBJ.N2 REVEAL-TR Ab LOC.N3,0
287,2,comprehension,Ab SBJ.N5 HIDE-INTR,1
288,2,comprehension,Ab SBJ.N4 JUMP-INTR LOC.N3,0
289,2,comprehension,Ab SBJ.N4 GO-INTR Ab LOC.N3,0
290,2,comprehension,Ab SBJ.N2 HIDE-INTR Aa LOC.N1,0
291,2,comprehension,Ab OBJ.N5 SBJ.N1 PUSH-TR LOC.N4,0
292,2,comprehension,Ab OBJ.N5 Ab SBJ.N3 PUSH-TR,0
293,2,production,SBJ.N4 REVEAL-INTR LOC.N5,1
294,2,production,OBJ.N5 SBJ.N4 HIDE-TR LOC.N3,2
295,2,production,SBJ.N3 REVEAL-INTR LOC.N4,1
296,2,production,OBJ.N5 SBJ.N1 REVEAL-TR LOC.N4,0
297,2,production,SBJ.N3 JUMP-INTR,6
298,2,production,OBJ.N5 Ab SBJ.N3 PUSH-TR,0
299,2,production,Ab SBJ.N4 HIDE-INTR,1
300,2,production,SBJ.N2 REVEAL-INTR LOC.N3,0
301,2,production,OBJ.N5 SBJ.N3 PUSH-TR,1
302,2,production,OBJ.N5 SBJ.N1 HIDE-TR LOC.N4,0
303,2,production,OBJ.N5 SBJ.N2 REVEAL-TR LOC.N1,0
304,2,production,Ab OBJ.N5 SBJ.N1 PUSH-TR,0
305,2,production,SBJ.N2 JUMP-INTR,1
306,2,production,Ab SBJ.N1 GO-INTR,1
307,2,production,OBJ.N5 Ab SBJ.N3 HIDE-TR,0
308,2,production,OBJ.N5 SBJ.N2 REVEAL-TR LOC.N4,0
309,2,production,Ab SBJ.N5 JUMP-INTR,0
310,2,production,SBJ.N3 HIDE-INTR LOC.N5,2
311,2,production,SBJ.N3 GO-INTR LOC.N4,0
312,2,production,SBJ.N4 JUMP-INTR LOC.N3,0
313,2,production,OBJ.N5 SBJ.N1 PUSH-TR LOC.N3,0
314,2,production,OBJ.N5 Ab SBJ.N1 REVEAL-TR,1
315,2,production,Ab OBJ.N5 Ab SBJ.N1 REVEAL-TR LOC.N2,0
316,2,production,SBJ.N1 REVEAL-INTR LOC.N5,1
317,2,production,OBJ.N5 SBJ.N1 HIDE-TR Ab LOC.N4,0
318,2,production,Ab SBJ.N1 REVEAL-INTR LOC.N5,0
319,2,production,OBJ.N5 Ab SBJ.N4 REVEAL-TR Ab LOC.N1,0
320,2,production,Ab SBJ.N2 REVEAL-INTR LOC.N3,0
321,2,production,OBJ.N5 SBJ.N1 PUSH-TR,4
322,2,production,SBJ.N2 GO-INTR,4
323,2,production,OBJ.N5 SBJ.N3 HIDE-TR LOC.N1,0
324,2,production,Ab OBJ.N5 Aa SBJ.N5 REVEAL-TR,0
325,2,production,Ab SBJ.N1 HIDE-INTR,1
326,2,production,OBJ.N5 SBJ.N4 PUSH-TR,5
327,2,production,Ab OBJ.N5 Ab SBJ.N3 HIDE-TR Ab LOC.N1,0
328,2,production,Ab SBJ.N3 JUMP-INTR,0
329,2,production,SBJ.N5 GO-INTR,3
330,2,production,Aa SBJ.N2 HIDE-INTR Ab LOC.N5,0
331,2,production,Ab SBJ.N1 JUMP-INTR Aa LOC.N4,0
332,2,production,Aa SBJ.N1 JUMP-INTR LOC.N4,0
333,2,production,OBJ.N5 SBJ.N4 PUSH-TR Ab LOC.N3,0
334,2,production,Ab OBJ.N5 Ab SBJ.N1 REVEAL-TR,0
375,3,passive,OBJ.N5 SBJ.N1 PUSH-TR Ab LOC.N2,0
376,3,passive,Ab SBJ.N4 REVEAL-INTR LOC.N5,0
377,3,passive,OBJ.N5 SBJ.N2 HIDE-TR Ab LOC.N4,0
378,3,passive,Ab SBJ.N4 REVEAL-INTR Ab LOC.N5,1
379,3,passive,OBJ.N5 Ab SBJ.N4 REVEAL-TR Ab LOC.N1,1
380,3,passive,SBJ.N3 REVEAL-INTR Ab LOC.N2,0
381,3,passive,OBJ.N5 SBJ.N4 HIDE-TR Ab LOC.N2,0
382,3,passive,Ab SBJ.N2 HIDE-INTR,1
383,3,passive,SBJ.N5 REVEAL-INTR Ab LOC.N4,0
384,3,passive,OBJ.N5 Ab SBJ.N1 PUSH-TR,1
385,3,passive,SBJ.N5 REVEAL-INTR Ab LOC.N3,0
386,3,passive,OBJ.N5 Ab SBJ.N4 REVEAL-TR LOC.N3,0
387,3,passive,SBJ.N3 JUMP-INTR,7
388,3,passive,Ab OBJ.N5 Ab SBJ.N3 REVEAL-TR,0
389,3,passive,OBJ.N5 Ab SBJ.N4 PUSH-TR Ab LOC.N2,1
390,3,passive,Ab SBJ.N3 REVEAL-INTR LOC.N4,0
391,3,passive,Ab SBJ.N2 GO-INTR,1
392,3,passive,OBJ.N5 SBJ.N2 HIDE-TR,2
393,3,passive,Ab OBJ.N5 Ab SBJ.N1 REVEAL-TR,1
394,3,passive,OBJ.N5 Ab SBJ.N4 PUSH-TR LOC.N3,0
395,3,passive,SBJ.N1 GO-INTR,5
396,3,passive,Ab OBJ.N5 SBJ.N1 HIDE-TR,0
397,3,passive,OBJ.N5 Ab SBJ.N3 HIDE-TR LOC.N4,0
398,3,passive,Ab SBJ.N2 HIDE-INTR,2
399,3,passive,Ab OBJ.N5 SBJ.N2 REVEAL-TR Ab LOC.N1,0
400,3,passive,Ab SBJ.N1 JUMP-INTR,0
401,3,passive,OBJ.N5 SBJ.N2 PUSH-TR,6
402,3,passive,Ab SBJ.N4 JUMP-INTR,2
403,3,passive,Ab OBJ.N5 Ab SBJ.N2 REVEAL-TR,0
404,3,passive,OBJ.N5 SBJ.N2 PUSH-TR LOC.N4,4
405,3,passive,OBJ.N5 Ab SBJ.N2 HIDE-TR Ab LOC.N3,0
406,3,passive,Ab SBJ.N3 GO-INTR,0
407,3,passive,SBJ.N5 HIDE-INTR,3
408,3,passive,Ab SBJ.N5 HIDE-INTR LOC.N2,0
409,3,passive,SBJ.N3 JUMP-INTR Aa LOC.N4,0
410,3,passive,Ab SBJ.N5 GO-INTR Aa LOC.N3,0
411,3,passive,Ab SBJ.N4 HIDE-INTR Aa LOC.N3,0
412,3,passive,Aa SBJ.N1 GO-INTR Aa LOC.N4,0
413,3,passive,Ab SBJ.N1 JUMP-INTR LOC.N4,0
414,3,passive,Ab OBJ.N5 Ab SBJ.N3 REVEAL-TR,1
415,3,passive,Ab OBJ.N5 SBJ.N4 PUSH-TR LOC.N2,0
416,3,passive,Ab OBJ.N5 SBJ.N4 REVEAL-TR,1
417,3,comprehension,Ab SBJ.N3 REVEAL-INTR Ab LOC.N2,0
418,3,comprehension,OBJ.N5 Ab SBJ.N3 PUSH-TR Ab LOC.N2,0
419,3,comprehension,SBJ.N5 REVEAL-INTR LOC.N4,2
420,3,comprehension,OBJ.N5 SBJ.N1 REVEAL-TR Ab LOC.N4,0
421,3,comprehension,Ab SBJ.N4 REVEAL-INTR LOC.N5,1
422,3,comprehension,Ab OBJ.N5 Ab SBJ.N2 HIDE-TR LOC.N4,1
423,3,comprehension,OBJ.N5 SBJ.N1 REVEAL-TR Ab LOC.N2,0
424,3,comprehension,Ab OBJ.N5 Ab SBJ.N4 PUSH-TR,0
425,3,comprehension,Ab SBJ.N3 REVEAL-INTR LOC.N5,0
426,3,comprehension,SBJ.N3 JUMP-INTR,8
427,3,comprehension,Ab SBJ.N5 HIDE-INTR,2
428,3,comprehension,SBJ.N2 REVEAL-INTR Ab LOC.N3,0
429,3,comprehension,Ab OBJ.N5 Ab SBJ.N3 HIDE-TR LOC.N4,0
430,3,comprehension,Ab OBJ.N5 Ab SBJ.N2 HIDE-TR,0
431,3,comprehension,Ab SBJ.N2 GO-INTR,2
432,3,comprehension,SBJ.N5 REVEAL-INTR Ab LOC.N4,1
433,3,comprehension,OBJ.N5 SBJ.N2 PUSH-TR,7
434,3,comprehension,Ab OBJ.N5 SBJ.N1 REVEAL-TR Ab LOC.N2,0
435,3,comprehension,SBJ.N1 HIDE-INTR,3
436,3,comprehension,Ab OBJ.N5 Ab SBJ.N1 HIDE-TR,0
437,3,comprehension,OBJ.N5 Ab SBJ.N1 REVEAL-TR Ab LOC.N2,0
438,3,comprehension,Ab OBJ.N5 Ab SBJ.N4 PUSH-TR,1
439,3,comprehension,OBJ.N5 Ab SBJ.N3 REVEAL-TR Ab LOC.N1,0
440,3,comprehension,Ab SBJ.N3 JUMP-INTR,1
441,3,comprehension,OBJ.N5 SBJ.N4 PUSH-TR LOC.N2,3
442,3,comprehension,Ab OBJ.N5 SBJ.N3 HIDE-TR,0
443,3,comprehension,SBJ.N1 GO-INTR,6
444,3,comprehension,SBJ.N5 HIDE-INTR,4
445,3,comprehension,Ab OBJ.N5 SBJ.N4 REVEAL-TR,2
446,3,comprehension,Ab OBJ.N5 Ab SBJ.N3 PUSH-TR LOC.N2,0
447,3,comprehension,Ab OBJ.N5 SBJ.N2 HIDE-TR,3
448,3,comprehension,SBJ.N3 JUMP-INTR,9
449,3,comprehension,SBJ.N1 GO-INTR,7
450,3,comprehension,Aa SBJ.N5 GO-INTR LOC.N4,0
451,3,comprehension,SBJ.N3 JUMP-INTR Aa LOC.N1,0
452,3,comprehension,SBJ.N1 HIDE-INTR Ab LOC.N3,0
453,3,comprehension,Ab SBJ.N5 JUMP-INTR LOC.N1,0
454,3,comprehension,Aa SBJ.N5 GO-INTR Aa LOC.N2,0
455,3,comprehension,SBJ.N1 HIDE-INTR Ab LOC.N4,0
456,3,comprehension,OBJ.N5 Ab SBJ.N1 REVEAL-TR Ab LOC.N3,1
457,3,comprehension,Ab OBJ.N5 Ab SBJ.N3 HIDE-TR Ab LOC.N4,0
458,3,comprehension,Ab OBJ.N5 SBJ.N4 HIDE-TR,0
459,3,production,Ab OBJ.N5 Ab SBJ.N2 REVEAL-TR LOC.N1,0
460,3,production,Ab SBJ.N2 REVEAL-INTR Ab LOC.N5,0
461,3,production,Ab SBJ.N5 REVEAL-INTR LOC.N2,0
462,3,production,OBJ.N5 Ab SBJ.N3 HIDE-TR LOC.N4,1
463,3,production,OBJ.N5 Ab SBJ.N3 PUSH-TR Ab LOC.N4,0
464,3,production,Ab SBJ.N5 REVEAL-INTR Ab LOC.N2,0
465,3,production,OBJ.N5 SBJ.N3 HIDE-TR Ab LOC.N2,0
466,3,production,SBJ.N3 REVEAL-INTR Ab LOC.N2,1
467,3,production,Ab OBJ.N5 Ab SBJ.N3 REVEAL-TR,2
468,3,production,SBJ.N4 JUMP-INTR,2
469,3,production,Ab SBJ.N3 REVEAL-INTR LOC.N4,1
470,3,production,SBJ.N1 GO-INTR,8
471,3,production,Ab OBJ.N5 Ab SBJ.N4 PUSH-TR,2
472,3,production,Ab OBJ.N5 Ab SBJ.N3 REVEAL-TR Ab LOC.N4,0
473,3,production,Ab OBJ.N5 Ab SBJ.N1 PUSH-TR LOC.N2,0
474,3,production,Ab OBJ.N5 SBJ.N1 HIDE-TR,1
475,3,production,SBJ.N5 REVEAL-INTR LOC.N3,3
476,3,production,Ab SBJ.N5 HIDE-INTR,3
477,3,production,Ab SBJ.N2 GO-INTR,3
478,3,production,Ab OBJ.N5 Ab SBJ.N3 REVEAL-TR,3
479,3,production,OBJ.N5 SBJ.N4 HIDE-TR Ab LOC.N2,1
480,3,production,Aa SBJ.N5 JUMP-INTR,1
481,3,production,Ab OBJ.N5 SBJ.N3 PUSH-TR Ab LOC.N1,0
482,3,production,OBJ.N5 Ab SBJ.N1 REVEAL-TR,2
483,3,production,OBJ.N5 SBJ.N1 HIDE-TR,3
484,3,production,Aa SBJ.N5 HIDE-INTR,1
485,3,production,OBJ.N5 SBJ.N4 PUSH-TR Ab LOC.N2,0
486,3,production,Ab OBJ.N5 SBJ.N2 REVEAL-TR Ab LOC.N3,1
487,3,production,OBJ.N5 SBJ.N3 PUSH-TR,2
488,3,production,SBJ.N5 HIDE-INTR,5
489,3,production,Ab OBJ.N5 SBJ.N3 HIDE-TR,1
490,3,production,SBJ.N5 JUMP-INTR,4
491,3,production,Ab SBJ.N2 GO-INTR,4
492,3,production,Ab SBJ.N2 GO-INTR Aa LOC.N3,0
493,3,production,Ab SBJ.N4 JUMP-INTR Ab LOC.N1,0
494,3,production,Aa SBJ.N4 HIDE-INTR LOC.N3,0
495,3,production,Aa SBJ.N5 GO-INTR Ab LOC.N4,0
496,3,production,Ab SBJ.N5 JUMP-INTR Aa LOC.N3,0
497,3,production,SBJ.N5 HIDE-INTR Aa LOC.N3,0
498,3,production,OBJ.N5 SBJ.N2 PUSH-TR LOC.N1,1
499,3,production,OBJ.N5 SBJ.N4 HIDE-TR Ab LOC.N2,2
500,3,production,Ab OBJ.N5 SBJ.N1 HIDE-TR,2
541,3,passive,Ab OBJ.N5 SBJ.N3 HIDE-TR Ab LOC.N2,0
542,3,passive,Ab SBJ.N2 REVEAL-INTR LOC.N3,1
543,3,passive,Ab OBJ.N5 SBJ.N4 PUSH-TR Ab LOC.N3,0
544,3,passive,Ab SBJ.N1 GO-INTR,2
545,3,passive,Ab OBJ.N5 Ab SBJ.N2 REVEAL-TR,1
546,3,passive,SBJ.N2 REVEAL-INTR LOC.N4,2
547,3,passive,SBJ.N4 REVEAL-INTR LOC.N5,2
548,3,passive,Ab OBJ.N5 Ab SBJ.N4 PUSH-TR,3
549,3,passive,Ab OBJ.N5 Ab SBJ.N2 REVEAL-TR Ab LOC.N4,0
550,3,passive,Aa SBJ.N5 JUMP-INTR,2
551,3,passive,Ab OBJ.N5 SBJ.N3 HIDE-TR LOC.N2,0
552,3,passive,Ab OBJ.N5 Ab SBJ.N2 REVEAL-TR,2
553,3,passive,Aa SBJ.N5 HIDE-INTR,2
554,3,passive,SBJ.N5 REVEAL-INTR Ab LOC.N3,1
555,3,passive,SBJ.N5 REVEAL-INTR LOC.N2,0
556,3,passive,Aa SBJ.N5 JUMP-INTR,3
557,3,passive,Ab OBJ.N5 Aa SBJ.N5 PUSH-TR,0
558,3,passive,Ab OBJ.N5 SBJ.N3 HIDE-TR Ab LOC.N4,0
559,3,passive,SBJ.N3 GO-INTR,3
560,3,passive,Ab OBJ.N5 SBJ.N4 REVEAL-TR LOC.N3,0
561,3,passive,Ab OBJ.N5 Aa SBJ.N5 HIDE-TR,0
562,3,passive,SBJ.N3 REVEAL-INTR Ab LOC.N5,0
563,3,passive,OBJ.N5 SBJ.N4 PUSH-TR,6
564,3,passive,Ab SBJ.N5 HIDE-INTR,4
565,3,passive,OBJ.N5 Ab SBJ.N4 PUSH-TR Ab LOC.N3,0
566,3,passive,Ab SBJ.N5 JUMP-INTR,1
567,3,passive,OBJ.N5 SBJ.N2 HIDE-TR,3
568,3,passive,OBJ.N5 Ab SBJ.N2 REVEAL-TR LOC.N4,1
569,3,passive,Aa SBJ.N5 HIDE-INTR,3
570,3,passive,OBJ.N5 SBJ.N2 HIDE-TR LOC.N3,1
571,3,passive,OBJ.N5 SBJ.N4 REVEAL-TR,7
572,3,passive,Ab OBJ.N5 Ab SBJ.N4 PUSH-TR,4
573,3,passive,Ab SBJ.N5 GO-INTR,0
574,3,passive,SBJ.N5 JUMP-INTR,5
575,3,passive,SBJ.N3 HIDE-INTR Aa LOC.N2,0
576,3,passive,Aa SBJ.N1 GO-INTR LOC.N4,0
577,3,passive,SBJ.N4 GO-INTR Ab LOC.N2,0
578,3,passive,Ab SBJ.N1 JUMP-INTR Aa LOC.N2,0
579,3,passive,Aa SBJ.N2 HIDE-INTR LOC.N1,0
580,3,passive,Ab OBJ.N5 SBJ.N3 REVEAL-TR LOC.N2,0
581,3,passive,OBJ.N5 Ab SBJ.N1 PUSH-TR Ab LOC.N3,0
582,3,passive,Ab OBJ.N5 Aa SBJ.N5 REVEAL-TR,1
583,3,comprehension,Ab OBJ.N5 SBJ.N2 REVEAL-TR LOC.N4,0
584,3,comprehension,Ab SBJ.N5 REVEAL-INTR Ab LOC.N4,2
585,3,comprehension,Aa SBJ.N5 GO-INTR,0
586,3,comprehension,Ab OBJ.N5 SBJ.N2 HIDE-TR,4
587,3,comprehension,SBJ.N2 REVEAL-INTR LOC.N3,1
588,3,comprehension,OBJ.N5 Ab SBJ.N4 PUSH-TR LOC.N2,0
589,3,comprehension,Ab OBJ.N5 SBJ.N2 HIDE-TR,5
590,3,comprehension,Ab OBJ.N5 SBJ.N3 PUSH-TR Ab LOC.N1,1
591,3,comprehension,SBJ.N4 JUMP-INTR,3
592,3,comprehension,SBJ.N3 REVEAL-INTR Ab LOC.N5,1
593,3,comprehension,Ab SBJ.N5 HIDE-INTR,5
594,3,comprehension,Ab OBJ.N5 Ab SBJ.N2 REVEAL-TR,3
595,3,comprehension,SBJ.N5 REVEAL-INTR LOC.N4,3
596,3,comprehension,OBJ.N5 SBJ.N1 REVEAL-TR LOC.N3,2
597,3,comprehension,SBJ.N1 REVEAL-INTR Ab LOC.N5,0
598,3,comprehension,Ab OBJ.N5 SBJ.N3 HIDE-TR Ab LOC.N1,0
599,3,comprehension,Aa SBJ.N5 HIDE-INTR,4
600,3,comprehension,Ab OBJ.N5 Aa SBJ.N5 PUSH-TR,1
601,3,comprehension,SBJ.N2 GO-INTR,5
602,3,comprehension,Ab SBJ.N4 REVEAL-INTR LOC.N2,0
603,3,comprehension,Ab OBJ.N5 SBJ.N2 HIDE-TR Ab LOC.N4,0
604,3,comprehension,OBJ.N5 Ab SBJ.N1 PUSH-TR,2
605,3,comprehension,Ab SBJ.N3 JUMP-INTR,2
606,3,comprehension,Ab OBJ.N5 Ab SBJ.N3 REVEAL-TR LOC.N4,0
607,3,comprehension,OBJ.N5 Ab SBJ.N4 PUSH-TR,0
608,3,comprehension,Ab OBJ.N5 Ab SBJ.N2 HIDE-TR LOC.N4,2
609,3,comprehension,OBJ.N5 Ab SBJ.N4 REVEAL-TR,2
610,3,comprehension,SBJ.N4 HIDE-INTR,2
611,3,comprehension,Ab SBJ.N3 GO-INTR,1
612,3,comprehension,OBJ.N5 Ab SBJ.N1 PUSH-TR Ab LOC.N4,0
613,3,comprehension,Aa OBJ.N5 Ab SBJ.N5 REVEAL-TR,0
614,3,comprehension,Ab SBJ.N5 JUMP-INTR,2
615,3,comprehension,OBJ.N5 SBJ.N2 HIDE-TR,4
616,3,comprehension,Ab SBJ.N4 HIDE-INTR,2
617,3,comprehension,Ab SBJ.N1 JUMP-INTR Aa LOC.N4,1
618,3,comprehension,Aa SBJ.N5 GO-INTR Ab LOC.N3,0
619,3,comprehension,SBJ.N1 GO-INTR Aa LOC.N4,0
620,3,comprehension,Aa SBJ.N2 HIDE-INTR Ab LOC.N5,1
621,3,comprehension,SBJ.N4 JUMP-INTR Aa LOC.N5,0
622,3,comprehension,OBJ.N5 Ab SBJ.N3 HIDE-TR Ab LOC.N4,0
623,3,comprehension,Ab OBJ.N5 Ab SBJ.N3 REVEAL-TR LOC.N4,1
624,3,comprehension,OBJ.N5 Ab SBJ.N3 PUSH-TR,1
625,3,production,Ab SBJ.N4 REVEAL-INTR LOC.N3,1
626,3,production,OBJ.N5 Ab SBJ.N4 PUSH-TR Ab LOC.N3,1
627,3,production,Ab OBJ.N5 SBJ.N4 HIDE-TR,1
628,3,production,Aa SBJ.N5 JUMP-INTR,4
629,3,production,Ab SBJ.N3 REVEAL-INTR LOC.N5,1
630,3,production,Ab OBJ.N5 SBJ.N2 REVEAL-TR LOC.N4,1
631,3,production,Ab OBJ.N5 SBJ.N3 HIDE-TR Ab LOC.N4,1
632,3,production,SBJ.N5 REVEAL-INTR Ab LOC.N3,2
633,3,production,OBJ.N5 Ab SBJ.N2 PUSH-TR,0
634,3,production,SBJ.N3 HIDE-INTR,2
635,3,production,SBJ.N5 GO-INTR,4
636,3,production,OBJ.N5 Ab SBJ.N1 REVEAL-TR LOC.N2,0
637,3,production,Ab SBJ.N4 REVEAL-INTR Ab LOC.N5,2
638,3,production,Ab OBJ.N5 SBJ.N2 HIDE-TR,6
639,3,production,Ab SBJ.N2 REVEAL-INTR Ab LOC.N5,1
640,3,production,OBJ.N5 SBJ.N1 REVEAL-TR Ab LOC.N2,1
641,3,production,Ab OBJ.N5 Ab SBJ.N4 PUSH-TR,5
642,3,production,SBJ.N1 HIDE-INTR,4
643,3,production,Ab SBJ.N4 REVEAL-INTR Ab LOC.N5,3
644,3,production,Ab OBJ.N5 SBJ.N1 PUSH-TR Ab LOC.N3,0
645,3,production,Aa SBJ.N5 JUMP-INTR,5
646,3,production,Ab OBJ.N5 Ab SBJ.N3 HIDE-TR,0
647,3,production,Ab OBJ.N5 Ab SBJ.N4 REVEAL-TR LOC.N1,0
648,3,production,OBJ.N5 Ab SBJ.N2 REVEAL-TR,2
649,3,production,Ab SBJ.N3 GO-INTR,2
650,3,production,OBJ.N5 Ab SBJ.N3 PUSH-TR LOC.N1,0
651,3,production,SBJ.N2 HIDE-INTR,2
652,3,production,Ab OBJ.N5 SBJ.N3 HIDE-TR,2
653,3,production,Ab SBJ.N3 JUMP-INTR,3
654,3,production,OBJ.N5 SBJ.N4 HIDE-TR Ab LOC.N2,3
655,3,production,OBJ.N5 SBJ.N3 PUSH-TR,3
656,3,production,OBJ.N5 Ab SBJ.N1 REVEAL-TR Ab LOC.N3,2
657,3,production,Ab SBJ.N2 GO-INTR,5
658,3,production,Ab SBJ.N5 GO-INTR,1
659,3,production,Aa SBJ.N4 HIDE-INTR Aa LOC.N5,0
660,3,production,SBJ.N1 JUMP-INTR LOC.N4,0
661,3,production,Aa SBJ.N1 HIDE-INTR Ab LOC.N5,0
662,3,production,Aa SBJ.N1 GO-INTR Aa LOC.N5,0
663,3,production,Aa SBJ.N3 JUMP-INTR Aa LOC.N2,0
664,3,production,OBJ.N5 Ab SBJ.N4 PUSH-TR,1
665,3,production,Ab OBJ.N5 Ab SBJ.N1 HIDE-TR Ab LOC.N2,0
666,3,production,Ab OBJ.N5 Ab SBJ.N1 PUSH-TR,1
