trial_index,subtask,session,loop,trial_id_global,category,sentence,sentence_morph,sentence_form,sentence_frame,foil_sentence,foil_sentence_morph,foil_sentence_frame,foil_type,chunk_frequency_type,gj_grammatical,gj_error_type,held_out_probe_type,held_out_probe_instance,held_out_probe_instance_morph,correct_words,correct_words_form,distractor_words,all_words,all_words_form,previous_encounters,trial_type,audio_1,audio_2,video_1,video_2
1,passive,2,1,43,target,SBJ.N1 GO-INTR,SBJ.N1 GO-INTR,pif-pekli kávler,SBJ-V.INTR,,,,,,,,,,,,,,,,,passive,SBJ-N1-GO-INTR.mp3,,SBJ-N1-GO-INTR.mp4,
2,passive,2,1,44,target,OBJ.N5 SBJ.N3 REVEAL-TR,OBJ.N5 REVEAL-TR SBJ.N3,fer-timó girda pif-zilép,OBJ-SBJ-V.TR,,,,,,,,,,,,,,,,,passive,OBJ-N5-REVEAL-TR-SBJ-N3.mp3,,OBJ-N5-SBJ-N3-REVEAL-TR.mp4,
3,passive,2,1,45,target,OBJ.N5 SBJ.N2 PUSH-TR,SBJ.N2 OBJ.N5 PUSH-TR,pif-murak fer-timó vánta,OBJ-SBJ-V.TR,,,,,,,,,,,,,,,,,passive,SBJ-N2-OBJ-N5-PUSH-TR.mp3,,OBJ-N5-SBJ-N2-PUSH-TR.mp4,
4,passive,2,1,46,target,SBJ.N1 GO-INTR,SBJ.N1 GO-INTR,pif-pekli kávler,SBJ-V.INTR,,,,,,,,,,,,,,,,,passive,SBJ-N1-GO-INTR.mp3,,SBJ-N1-GO-INTR.mp4,
5,passive,2,1,47,target,OBJ.N5 SBJ.N4 HIDE-TR,SBJ.N4 HIDE-TR OBJ.N5,pif-dabi zsübe fer-timó,OBJ-SBJ-V.TR,,,,,,,,,,,,,,,,,passive,SBJ-N4-HIDE-TR-OBJ-N5.mp3,,OBJ-N5-SBJ-N4-HIDE-TR.mp4,
6,passive,2,1,48,target,SBJ.N2 HIDE-INTR,SBJ.N2 HIDE-INTR,pif-murak zsübe,SBJ-V.INTR,,,,,,,,,,,,,,,,,passive,SBJ-N2-HIDE-INTR.mp3,,SBJ-N2-HIDE-INTR.mp4,
7,passive,2,1,49,target,OBJ.N5 SBJ.N3 REVEAL-TR,OBJ.N5 REVEAL-TR SBJ.N3,fer-timó girda pif-zilép,OBJ-SBJ-V.TR,,,,,,,,,,,,,,,,,passive,OBJ-N5-REVEAL-TR-SBJ-N3.mp3,,OBJ-N5-SBJ-N3-REVEAL-TR.mp4,
8,passive,2,1,50,target,SBJ.N3 JUMP-INTR,JUMP-INTR SBJ.N3,bonip pif-zilép,SBJ-V.INTR,,,,,,,,,,,,,,,,,passive,JUMP-INTR-SBJ-N3.mp3,,SBJ-N3-JUMP-INTR.mp4,
9,passive,2,1,51,target,SBJ.N5 REVEAL-INTR,SBJ.N5 REVEAL-INTR,pif-timó girda,SBJ-V.INTR,,,,,,,,,,,,,,,,,passive,SBJ-N5-REVEAL-INTR.mp3,,SBJ-N5-REVEAL-INTR.mp4,
10,passive,2,1,52,target,OBJ.N5 SBJ.N4 HIDE-TR,SBJ.N4 HIDE-TR OBJ.N5,pif-dabi zsübe fer-timó,OBJ-SBJ-V.TR,,,,,,,,,,,,,,,,,passive,SBJ-N4-HIDE-TR-OBJ-N5.mp3,,OBJ-N5-SBJ-N4-HIDE-TR.mp4,
11,passive,2,1,53,target,SBJ.N3 JUMP-INTR,JUMP-INTR SBJ.N3,bonip pif-zilép,SBJ-V.INTR,,,,,,,,,,,,,,,,,passive,JUMP-INTR-SBJ-N3.mp3,,SBJ-N3-JUMP-INTR.mp4,
12,passive,2,1,54,target,OBJ.N5 SBJ.N2 PUSH-TR,SBJ.N2 OBJ.N5 PUSH-TR,pif-murak fer-timó vánta,OBJ-SBJ-V.TR,,,,,,,,,,,,,,,,,passive,SBJ-N2-OBJ-N5-PUSH-TR.mp3,,OBJ-N5-SBJ-N2-PUSH-TR.mp4,
13,passive,2,1,55,target,OBJ.N5 SBJ.N1 HIDE-TR,OBJ.N5 HIDE-TR SBJ.N1,fer-timó zsübe pif-pekli,OBJ-SBJ-V.TR,,,,,,,,,,,,,,,,,passive,OBJ-N5-HIDE-TR-SBJ-N1.mp3,,OBJ-N5-SBJ-N1-HIDE-TR.mp4,
14,passive,2,1,56,target,SBJ.N2 HIDE-INTR,SBJ.N2 HIDE-INTR,pif-murak zsübe,SBJ-V.INTR,,,,,,,,,,,,,,,,,passive,SBJ-N2-HIDE-INTR.mp3,,SBJ-N2-HIDE-INTR.mp4,
15,passive,2,1,57,target,OBJ.N5 SBJ.N2 PUSH-TR,SBJ.N2 OBJ.N5 PUSH-TR,pif-murak fer-timó vánta,OBJ-SBJ-V.TR,,,,,,,,,,,,,,,,,passive,SBJ-N2-OBJ-N5-PUSH-TR.mp3,,OBJ-N5-SBJ-N2-PUSH-TR.mp4,
16,passive,2,1,58,target,SBJ.N3 GO-INTR,GO-INTR SBJ.N3,kávler pif-zilép,SBJ-V.INTR,,,,,,,,,,,,,,,,,passive,GO-INTR-SBJ-N3.mp3,,SBJ-N3-GO-INTR.mp4,
17,passive,2,1,59,target,SBJ.N4 REVEAL-INTR,REVEAL-INTR SBJ.N4,girda pif-dabi,SBJ-V.INTR,,,,,,,,,,,,,,,,,passive,REVEAL-INTR-SBJ-N4.mp3,,SBJ-N4-REVEAL-INTR.mp4,
18,passive,2,1,60,target,OBJ.N5 SBJ.N3 REVEAL-TR,OBJ.N5 REVEAL-TR SBJ.N3,fer-timó girda pif-zilép,OBJ-SBJ-V.TR,,,,,,,,,,,,,,,,,passive,OBJ-N5-REVEAL-TR-SBJ-N3.mp3,,OBJ-N5-SBJ-N3-REVEAL-TR.mp4,
19,passive,2,1,61,target,SBJ.N5 JUMP-INTR,SBJ.N5 JUMP-INTR,pif-timó bonip,SBJ-V.INTR,,,,,,,,,,,,,,,,,passive,SBJ-N5-JUMP-INTR.mp3,,SBJ-N5-JUMP-INTR.mp4,
20,passive,2,1,62,target,SBJ.N3 GO-INTR,GO-INTR SBJ.N3,kávler pif-zilép,SBJ-V.INTR,,,,,,,,,,,,,,,,,passive,GO-INTR-SBJ-N3.mp3,,SBJ-N3-GO-INTR.mp4,
21,passive,2,1,63,target,OBJ.N5 SBJ.N3 REVEAL-TR,OBJ.N5 REVEAL-TR SBJ.N3,fer-timó girda pif-zilép,OBJ-SBJ-V.TR,,,,,,,,,,,,,,,,,passive,OBJ-N5-REVEAL-TR-SBJ-N3.mp3,,OBJ-N5-SBJ-N3-REVEAL-TR.mp4,
22,passive,2,1,64,target,OBJ.N5 SBJ.N1 REVEAL-TR,REVEAL-TR SBJ.N1 OBJ.N5,girda pif-pekli fer-timó,OBJ-SBJ-V.TR,,,,,,,,,,,,,,,,,passive,REVEAL-TR-SBJ-N1-OBJ-N5.mp3,,OBJ-N5-SBJ-N1-REVEAL-TR.mp4,
23,passive,2,1,65,target,OBJ.N5 SBJ.N2 PUSH-TR LOC.N4,SBJ.N2 LOC.N4 OBJ.N5 PUSH-TR,pif-murak pa-dabi fer-timó vánta,OBJ-SBJ-V.TR-LOC,,,,,,,,,,,,,,,,,passive,SBJ-N2-LOC-N4-OBJ-N5-PUSH-TR.mp3,,OBJ-N5-SBJ-N2-PUSH-TR-LOC-N4.mp4,
24,passive,2,1,66,target,SBJ.N4 REVEAL-INTR LOC.N5,REVEAL-INTR SBJ.N4 LOC.N5,girda pif-dabi pa-timó,SBJ-V.INTR-LOC,,,,,,,,,,,,,,,,,passive,REVEAL-INTR-SBJ-N4-LOC-N5.mp3,,SBJ-N4-REVEAL-INTR-LOC-N5.mp4,
25,passive,2,1,67,target,OBJ.N5 SBJ.N1 HIDE-TR LOC.N2,SBJ.N1 LOC.N2 HIDE-TR OBJ.N5,pif-pekli pa-murak zsübe fer-timó,OBJ-SBJ-V.TR-LOC,,,,,,,,,,,,,,,,,passive,SBJ-N1-LOC-N2-HIDE-TR-OBJ-N5.mp3,,OBJ-N5-SBJ-N1-HIDE-TR-LOC-N2.mp4,
26,passive,2,1,68,target,SBJ.N2 REVEAL-INTR LOC.N5,REVEAL-INTR SBJ.N2 LOC.N5,girda pif-murak pa-timó,SBJ-V.INTR-LOC,,,,,,,,,,,,,,,,,passive,REVEAL-INTR-SBJ-N2-LOC-N5.mp3,,SBJ-N2-REVEAL-INTR-LOC-N5.mp4,
27,passive,2,1,69,target,OBJ.N5 SBJ.N1 PUSH-TR LOC.N2,OBJ.N5 PUSH-TR SBJ.N1 LOC.N2,fer-timó vánta pif-pekli pa-murak,OBJ-SBJ-V.TR-LOC,,,,,,,,,,,,,,,,,passive,OBJ-N5-PUSH-TR-SBJ-N1-LOC-N2.mp3,,OBJ-N5-SBJ-N1-PUSH-TR-LOC-N2.mp4,
28,passive,2,1,70,target,SBJ.N3 REVEAL-INTR LOC.N4,SBJ.N3 REVEAL-INTR LOC.N4,pif-zilép girda pa-dabi,SBJ-V.INTR-LOC,,,,,,,,,,,,,,,,,passive,SBJ-N3-REVEAL-INTR-LOC-N4.mp3,,SBJ-N3-REVEAL-INTR-LOC-N4.mp4,
29,passive,2,1,71,target,OBJ.N5 SBJ.N4 HIDE-TR LOC.N3,SBJ.N4 OBJ.N5 LOC.N3 HIDE-TR,pif-dabi fer-timó pa-zilép zsübe,OBJ-SBJ-V.TR-LOC,,,,,,,,,,,,,,,,,passive,SBJ-N4-OBJ-N5-LOC-N3-HIDE-TR.mp3,,OBJ-N5-SBJ-N4-HIDE-TR-LOC-N3.mp4,
30,passive,2,1,72,target,OBJ.N5 SBJ.N3 REVEAL-TR LOC.N4,OBJ.N5 LOC.N4 SBJ.N3 REVEAL-TR,fer-timó pa-dabi pif-zilép girda,OBJ-SBJ-V.TR-LOC,,,,,,,,,,,,,,,,,passive,OBJ-N5-LOC-N4-SBJ-N3-REVEAL-TR.mp3,,OBJ-N5-SBJ-N3-REVEAL-TR-LOC-N4.mp4,
31,passive,2,1,73,target,OBJ.N5 SBJ.N2 PUSH-TR LOC.N4,SBJ.N2 LOC.N4 OBJ.N5 PUSH-TR,pif-murak pa-dabi fer-timó vánta,OBJ-SBJ-V.TR-LOC,,,,,,,,,,,,,,,,,passive,SBJ-N2-LOC-N4-OBJ-N5-PUSH-TR.mp3,,OBJ-N5-SBJ-N2-PUSH-TR-LOC-N4.mp4,
32,passive,2,1,74,target,OBJ.N5 SBJ.N1 REVEAL-TR,REVEAL-TR SBJ.N1 OBJ.N5,girda pif-pekli fer-timó,OBJ-SBJ-V.TR,,,,,,,,,,,,,,,,,passive,REVEAL-TR-SBJ-N1-OBJ-N5.mp3,,OBJ-N5-SBJ-N1-REVEAL-TR.mp4,
33,passive,2,1,75,target,OBJ.N5 SBJ.N4 HIDE-TR LOC.N2,OBJ.N5 HIDE-TR LOC.N2 SBJ.N4,fer-timó zsübe pa-murak pif-dabi,OBJ-SBJ-V.TR-LOC,,,,,,,,,,,,,,,,,passive,OBJ-N5-HIDE-TR-LOC-N2-SBJ-N4.mp3,,OBJ-N5-SBJ-N4-HIDE-TR-LOC-N2.mp4,
34,passive,2,1,76,target,SBJ.N5 JUMP-INTR,SBJ.N5 JUMP-INTR,pif-timó bonip,SBJ-V.INTR,,,,,,,,,,,,,,,,,passive,SBJ-N5-JUMP-INTR.mp3,,SBJ-N5-JUMP-INTR.mp4,
35,passive,2,1,77,target,Aa SBJ.N5 HIDE-INTR,HIDE-INTR Aa SBJ.N5,zsübe gyék pif-timó,SBJ-V.INTR,,,,,,,,,,,,,,,,,passive,HIDE-INTR-Aa-SBJ-N5.mp3,,Aa-SBJ-N5-HIDE-INTR.mp4,
36,passive,2,1,78,target,SBJ.N5 GO-INTR LOC.N3,GO-INTR SBJ.N5 LOC.N3,kávler pif-timó pa-zilép,SBJ-V.INTR-LOC,,,,,,,,,,,,,,,,,passive,GO-INTR-SBJ-N5-LOC-N3.mp3,,SBJ-N5-GO-INTR-LOC-N3.mp4,
37,passive,2,1,79,target,SBJ.N2 JUMP-INTR LOC.N1,LOC.N1 SBJ.N2 JUMP-INTR,pa-pekli pif-murak bonip,SBJ-V.INTR-LOC,,,,,,,,,,,,,,,,,passive,LOC-N1-SBJ-N2-JUMP-INTR.mp3,,SBJ-N2-JUMP-INTR-LOC-N1.mp4,
38,passive,2,1,80,target,SBJ.N3 GO-INTR LOC.N2,LOC.N2 GO-INTR SBJ.N3,pa-murak kávler pif-zilép,SBJ-V.INTR-LOC,,,,,,,,,,,,,,,,,passive,LOC-N2-GO-INTR-SBJ-N3.mp3,,SBJ-N3-GO-INTR-LOC-N2.mp4,
39,passive,2,1,81,target,SBJ.N5 HIDE-INTR LOC.N3,SBJ.N5 HIDE-INTR LOC.N3,pif-timó zsübe pa-zilép,SBJ-V.INTR-LOC,,,,,,,,,,,,,,,,,passive,SBJ-N5-HIDE-INTR-LOC-N3.mp3,,SBJ-N5-HIDE-INTR-LOC-N3.mp4,
40,passive,2,1,82,target,SBJ.N1 HIDE-INTR LOC.N3,SBJ.N1 LOC.N3 HIDE-INTR,pif-pekli pa-zilép zsübe,SBJ-V.INTR-LOC,,,,,,,,,,,,,,,,,passive,SBJ-N1-LOC-N3-HIDE-INTR.mp3,,SBJ-N1-HIDE-INTR-LOC-N3.mp4,
41,passive,2,1,83,target,OBJ.N5 SBJ.N4 HIDE-TR,SBJ.N4 HIDE-TR OBJ.N5,pif-dabi zsübe fer-timó,OBJ-SBJ-V.TR,,,,,,,,,,,,,,,,,passive,SBJ-N4-HIDE-TR-OBJ-N5.mp3,,OBJ-N5-SBJ-N4-HIDE-TR.mp4,
42,passive,2,1,84,target,OBJ.N5 SBJ.N1 HIDE-TR LOC.N2,SBJ.N1 LOC.N2 HIDE-TR OBJ.N5,pif-pekli pa-murak zsübe fer-timó,OBJ-SBJ-V.TR-LOC,,,,,,,,,,,,,,,,,passive,SBJ-N1-LOC-N2-HIDE-TR-OBJ-N5.mp3,,OBJ-N5-SBJ-N1-HIDE-TR-LOC-N2.mp4,
1,comprehension,2,1,85,target,OBJ.N5 SBJ.N2 HIDE-TR,SBJ.N2 HIDE-TR OBJ.N5,pif-murak zsübe fer-timó,OBJ-SBJ-V.TR,OBJ.N5 SBJ.N2 REVEAL-TR,SBJ.N2 REVEAL-TR OBJ.N5,OBJ-SBJ-V.TR,wrong_verb,,,,,,,,,,,,,comprehension,SBJ-N2-HIDE-TR-OBJ-N5.mp3,,OBJ-N5-SBJ-N2-HIDE-TR.mp4,OBJ-N5-SBJ-N2-REVEAL-TR.mp4
2,comprehension,2,1,86,target,SBJ.N5 HIDE-INTR,HIDE-INTR SBJ.N5,zsübe pif-timó,SBJ-V.INTR,SBJ.N5 GO-INTR,GO-INTR SBJ.N5,SBJ-V.INTR,wrong_verb,,,,,,,,,,,,,comprehension,HIDE-INTR-SBJ-N5.mp3,,SBJ-N5-HIDE-INTR.mp4,SBJ-N5-GO-INTR.mp4
3,comprehension,2,1,87,target,SBJ.N5 JUMP-INTR,SBJ.N5 JUMP-INTR,pif-timó bonip,SBJ-V.INTR,SBJ.N5 HIDE-INTR,HIDE-INTR SBJ.N5,SBJ-V.INTR,wrong_verb,,,,,,,,,,,,,comprehension,SBJ-N5-JUMP-INTR.mp3,,SBJ-N5-JUMP-INTR.mp4,SBJ-N5-HIDE-INTR.mp4
4,comprehension,2,1,88,target,OBJ.N5 SBJ.N3 REVEAL-TR,OBJ.N5 REVEAL-TR SBJ.N3,fer-timó girda pif-zilép,OBJ-SBJ-V.TR,OBJ.N3 SBJ.N5 PUSH-TR,SBJ.N5 PUSH-TR OBJ.N3,OBJ-SBJ-V.TR,swapped_roles_wrong_verb,,,,,,,,,,,,,comprehension,OBJ-N5-REVEAL-TR-SBJ-N3.mp3,,OBJ-N5-SBJ-N3-REVEAL-TR.mp4,OBJ-N3-SBJ-N5-PUSH-TR.mp4
5,comprehension,2,1,89,target,OBJ.N5 SBJ.N3 PUSH-TR,SBJ.N3 OBJ.N5 PUSH-TR,pif-zilép fer-timó vánta,OBJ-SBJ-V.TR,OBJ.N3 SBJ.N5 PUSH-TR,SBJ.N5 PUSH-TR OBJ.N3,OBJ-SBJ-V.TR,swapped_roles,,,,,,,,,,,,,comprehension,SBJ-N3-OBJ-N5-PUSH-TR.mp3,,OBJ-N5-SBJ-N3-PUSH-TR.mp4,OBJ-N3-SBJ-N5-PUSH-TR.mp4
6,comprehension,2,1,90,target,SBJ.N1 HIDE-INTR,HIDE-INTR SBJ.N1,zsübe pif-pekli,SBJ-V.INTR,SBJ.N1 REVEAL-INTR,REVEAL-INTR SBJ.N1,SBJ-V.INTR,wrong_verb,,,,,,,,,,,,,comprehension,HIDE-INTR-SBJ-N1.mp3,,SBJ-N1-HIDE-INTR.mp4,SBJ-N1-REVEAL-INTR.mp4
7,comprehension,2,1,91,target,OBJ.N5 SBJ.N4 HIDE-TR,SBJ.N4 HIDE-TR OBJ.N5,pif-dabi zsübe fer-timó,OBJ-SBJ-V.TR,OBJ.N4 SBJ.N5 REVEAL-TR,REVEAL-TR OBJ.N4 SBJ.N5,OBJ-SBJ-V.TR,swapped_roles_wrong_verb,,,,,,,,,,,,,comprehension,SBJ-N4-HIDE-TR-OBJ-N5.mp3,,OBJ-N5-SBJ-N4-HIDE-TR.mp4,OBJ-N4-SBJ-N5-REVEAL-TR.mp4
8,comprehension,2,1,92,target,SBJ.N2 REVEAL-INTR,SBJ.N2 REVEAL-INTR,pif-murak girda,SBJ-V.INTR,SBJ.N2 HIDE-INTR,SBJ.N2 HIDE-INTR,SBJ-V.INTR,wrong_verb,,,,,,,,,,,,,comprehension,SBJ-N2-REVEAL-INTR.mp3,,SBJ-N2-REVEAL-INTR.mp4,SBJ-N2-HIDE-INTR.mp4
9,comprehension,2,1,93,target,OBJ.N5 SBJ.N4 PUSH-TR,SBJ.N4 OBJ.N5 PUSH-TR,pif-dabi fer-timó vánta,OBJ-SBJ-V.TR,OBJ.N4 SBJ.N5 PUSH-TR,PUSH-TR OBJ.N4 SBJ.N5,OBJ-SBJ-V.TR,swapped_roles,,,,,,,,,,,,,comprehension,SBJ-N4-OBJ-N5-PUSH-TR.mp3,,OBJ-N5-SBJ-N4-PUSH-TR.mp4,OBJ-N4-SBJ-N5-PUSH-TR.mp4
10,comprehension,2,1,94,target,SBJ.N1 GO-INTR,SBJ.N1 GO-INTR,pif-pekli kávler,SBJ-V.INTR,SBJ.N1 HIDE-INTR,HIDE-INTR SBJ.N1,SBJ-V.INTR,wrong_verb,,,,,,,,,,,,,comprehension,SBJ-N1-GO-INTR.mp3,,SBJ-N1-GO-INTR.mp4,SBJ-N1-HIDE-INTR.mp4
11,comprehension,2,1,95,target,SBJ.N4 REVEAL-INTR,REVEAL-INTR SBJ.N4,girda pif-dabi,SBJ-V.INTR,SBJ.N4 JUMP-INTR,JUMP-INTR SBJ.N4,SBJ-V.INTR,wrong_verb,,,,,,,,,,,,,comprehension,REVEAL-INTR-SBJ-N4.mp3,,SBJ-N4-REVEAL-INTR.mp4,SBJ-N4-JUMP-INTR.mp4
12,comprehension,2,1,96,target,OBJ.N5 SBJ.N4 REVEAL-TR,REVEAL-TR OBJ.N5 SBJ.N4,girda fer-timó pif-dabi,OBJ-SBJ-V.TR,OBJ.N4 SBJ.N5 PUSH-TR,PUSH-TR OBJ.N4 SBJ.N5,OBJ-SBJ-V.TR,swapped_roles_wrong_verb,,,,,,,,,,,,,comprehension,REVEAL-TR-OBJ-N5-SBJ-N4.mp3,,OBJ-N5-SBJ-N4-REVEAL-TR.mp4,OBJ-N4-SBJ-N5-PUSH-TR.mp4
13,comprehension,2,1,97,target,SBJ.N3 JUMP-INTR,JUMP-INTR SBJ.N3,bonip pif-zilép,SBJ-V.INTR,SBJ.N3 GO-INTR,GO-INTR SBJ.N3,SBJ-V.INTR,wrong_verb,,,,,,,,,,,,,comprehension,JUMP-INTR-SBJ-N3.mp3,,SBJ-N3-JUMP-INTR.mp4,SBJ-N3-GO-INTR.mp4
14,comprehension,2,1,98,target,OBJ.N5 SBJ.N4 PUSH-TR,SBJ.N4 OBJ.N5 PUSH-TR,pif-dabi fer-timó vánta,OBJ-SBJ-V.TR,OBJ.N4 SBJ.N5 PUSH-TR,PUSH-TR OBJ.N4 SBJ.N5,OBJ-SBJ-V.TR,swapped_roles,,,,,,,,,,,,,comprehension,SBJ-N4-OBJ-N5-PUSH-TR.mp3,,OBJ-N5-SBJ-N4-PUSH-TR.mp4,OBJ-N4-SBJ-N5-PUSH-TR.mp4
15,comprehension,2,1,99,target,OBJ.N5 SBJ.N4 REVEAL-TR,REVEAL-TR OBJ.N5 SBJ.N4,girda fer-timó pif-dabi,OBJ-SBJ-V.TR,OBJ.N4 SBJ.N5 HIDE-TR,SBJ.N5 HIDE-TR OBJ.N4,OBJ-SBJ-V.TR,swapped_roles_wrong_verb,,,,,,,,,,,,,comprehension,REVEAL-TR-OBJ-N5-SBJ-N4.mp3,,OBJ-N5-SBJ-N4-REVEAL-TR.mp4,OBJ-N4-SBJ-N5-HIDE-TR.mp4
16,comprehension,2,1,100,target,SBJ.N5 GO-INTR,GO-INTR SBJ.N5,kávler pif-timó,SBJ-V.INTR,SBJ.N5 HIDE-INTR,HIDE-INTR SBJ.N5,SBJ-V.INTR,wrong_verb,,,,,,,,,,,,,comprehension,GO-INTR-SBJ-N5.mp3,,SBJ-N5-GO-INTR.mp4,SBJ-N5-HIDE-INTR.mp4
17,comprehension,2,1,101,target,SBJ.N1 HIDE-INTR,HIDE-INTR SBJ.N1,zsübe pif-pekli,SBJ-V.INTR,SBJ.N1 REVEAL-INTR,REVEAL-INTR SBJ.N1,SBJ-V.INTR,wrong_verb,,,,,,,,,,,,,comprehension,HIDE-INTR-SBJ-N1.mp3,,SBJ-N1-HIDE-INTR.mp4,SBJ-N1-REVEAL-INTR.mp4
18,comprehension,2,1,102,target,OBJ.N5 SBJ.N3 HIDE-TR,OBJ.N5 HIDE-TR SBJ.N3,fer-timó zsübe pif-zilép,OBJ-SBJ-V.TR,OBJ.N3 SBJ.N5 HIDE-TR,OBJ.N3 HIDE-TR SBJ.N5,OBJ-SBJ-V.TR,swapped_roles,,,,,,,,,,,,,comprehension,OBJ-N5-HIDE-TR-SBJ-N3.mp3,,OBJ-N5-SBJ-N3-HIDE-TR.mp4,OBJ-N3-SBJ-N5-HIDE-TR.mp4
19,comprehension,2,1,103,target,SBJ.N5 REVEAL-INTR,SBJ.N5 REVEAL-INTR,pif-timó girda,SBJ-V.INTR,SBJ.N5 JUMP-INTR,SBJ.N5 JUMP-INTR,SBJ-V.INTR,wrong_verb,,,,,,,,,,,,,comprehension,SBJ-N5-REVEAL-INTR.mp3,,SBJ-N5-REVEAL-INTR.mp4,SBJ-N5-JUMP-INTR.mp4
20,comprehension,2,1,104,target,SBJ.N5 GO-INTR,GO-INTR SBJ.N5,kávler pif-timó,SBJ-V.INTR,SBJ.N5 JUMP-INTR,SBJ.N5 JUMP-INTR,SBJ-V.INTR,wrong_verb,,,,,,,,,,,,,comprehension,GO-INTR-SBJ-N5.mp3,,SBJ-N5-GO-INTR.mp4,SBJ-N5-JUMP-INTR.mp4
21,comprehension,2,1,105,target,OBJ.N5 SBJ.N1 HIDE-TR,OBJ.N5 HIDE-TR SBJ.N1,fer-timó zsübe pif-pekli,OBJ-SBJ-V.TR,OBJ.N1 SBJ.N5 REVEAL-TR,OBJ.N1 REVEAL-TR SBJ.N5,OBJ-SBJ-V.TR,swapped_roles_wrong_verb,,,,,,,,,,,,,comprehension,OBJ-N5-HIDE-TR-SBJ-N1.mp3,,OBJ-N5-SBJ-N1-HIDE-TR.mp4,OBJ-N1-SBJ-N5-REVEAL-TR.mp4
22,comprehension,2,1,106,target,OBJ.N5 SBJ.N4 REVEAL-TR,REVEAL-TR OBJ.N5 SBJ.N4,girda fer-timó pif-dabi,OBJ-SBJ-V.TR,OBJ.N4 SBJ.N5 REVEAL-TR,REVEAL-TR OBJ.N4 SBJ.N5,OBJ-SBJ-V.TR,swapped_roles,,,,,,,,,,,,,comprehension,REVEAL-TR-OBJ-N5-SBJ-N4.mp3,,OBJ-N5-SBJ-N4-REVEAL-TR.mp4,OBJ-N4-SBJ-N5-REVEAL-TR.mp4
23,comprehension,2,1,107,target,SBJ.N2 REVEAL-INTR LOC.N4,LOC.N4 REVEAL-INTR SBJ.N2,pa-dabi girda pif-murak,SBJ-V.INTR-LOC,SBJ.N4 JUMP-INTR LOC.N2,JUMP-INTR SBJ.N4 LOC.N2,SBJ-V.INTR-LOC,swapped_roles_wrong_verb,,,,,,,,,,,,,comprehension,LOC-N4-REVEAL-INTR-SBJ-N2.mp3,,SBJ-N2-REVEAL-INTR-LOC-N4.mp4,SBJ-N4-JUMP-INTR-LOC-N2.mp4
24,comprehension,2,1,108,target,OBJ.N5 SBJ.N4 PUSH-TR LOC.N2,LOC.N2 OBJ.N5 SBJ.N4 PUSH-TR,pa-murak fer-timó pif-dabi vánta,OBJ-SBJ-V.TR-LOC,OBJ.N4 SBJ.N5 PUSH-TR LOC.N2,SBJ.N5 OBJ.N4 LOC.N2 PUSH-TR,OBJ-SBJ-V.TR-LOC,swapped_roles,,,,,,,,,,,,,comprehension,LOC-N2-OBJ-N5-SBJ-N4-PUSH-TR.mp3,,OBJ-N5-SBJ-N4-PUSH-TR-LOC-N2.mp4,OBJ-N4-SBJ-N5-PUSH-TR-LOC-N2.mp4
25,comprehension,2,1,109,target,OBJ.N5 SBJ.N4 HIDE-TR LOC.N2,OBJ.N5 HIDE-TR LOC.N2 SBJ.N4,fer-timó zsübe pa-murak pif-dabi,OBJ-SBJ-V.TR-LOC,OBJ.N5 SBJ.N2 REVEAL-TR LOC.N4,LOC.N4 SBJ.N2 OBJ.N5 REVEAL-TR,OBJ-SBJ-V.TR-LOC,swapped_roles_wrong_verb,,,,,,,,,,,,,comprehension,OBJ-N5-HIDE-TR-LOC-N2-SBJ-N4.mp3,,OBJ-N5-SBJ-N4-HIDE-TR-LOC-N2.mp4,OBJ-N5-SBJ-N2-REVEAL-TR-LOC-N4.mp4
26,comprehension,2,1,110,target,SBJ.N2 REVEAL-INTR LOC.N4,LOC.N4 REVEAL-INTR SBJ.N2,pa-dabi girda pif-murak,SBJ-V.INTR-LOC,SBJ.N4 REVEAL-INTR LOC.N2,REVEAL-INTR SBJ.N4 LOC.N2,SBJ-V.INTR-LOC,swapped_roles,,,,,,,,,,,,,comprehension,LOC-N4-REVEAL-INTR-SBJ-N2.mp3,,SBJ-N2-REVEAL-INTR-LOC-N4.mp4,SBJ-N4-REVEAL-INTR-LOC-N2.mp4
27,comprehension,2,1,111,target,SBJ.N5 REVEAL-INTR LOC.N4,SBJ.N5 LOC.N4 REVEAL-INTR,pif-timó pa-dabi girda,SBJ-V.INTR-LOC,SBJ.N4 JUMP-INTR LOC.N5,JUMP-INTR SBJ.N4 LOC.N5,SBJ-V.INTR-LOC,swapped_roles_wrong_verb,,,,,,,,,,,,,comprehension,SBJ-N5-LOC-N4-REVEAL-INTR.mp3,,SBJ-N5-REVEAL-INTR-LOC-N4.mp4,SBJ-N4-JUMP-INTR-LOC-N5.mp4
28,comprehension,2,1,112,target,OBJ.N5 SBJ.N4 REVEAL-TR LOC.N1,OBJ.N5 LOC.N1 REVEAL-TR SBJ.N4,fer-timó pa-pekli girda pif-dabi,OBJ-SBJ-V.TR-LOC,OBJ.N4 SBJ.N5 REVEAL-TR LOC.N1,REVEAL-TR LOC.N1 SBJ.N5 OBJ.N4,OBJ-SBJ-V.TR-LOC,swapped_roles,,,,,,,,,,,,,comprehension,OBJ-N5-LOC-N1-REVEAL-TR-SBJ-N4.mp3,,OBJ-N5-SBJ-N4-REVEAL-TR-LOC-N1.mp4,OBJ-N4-SBJ-N5-REVEAL-TR-LOC-N1.mp4
29,comprehension,2,1,113,target,OBJ.N5 SBJ.N1 HIDE-TR LOC.N2,SBJ.N1 LOC.N2 HIDE-TR OBJ.N5,pif-pekli pa-murak zsübe fer-timó,OBJ-SBJ-V.TR-LOC,OBJ.N1 SBJ.N5 REVEAL-TR LOC.N2,REVEAL-TR SBJ.N5 LOC.N2 OBJ.N1,OBJ-SBJ-V.TR-LOC,swapped_roles_wrong_verb,,,,,,,,,,,,,comprehension,SBJ-N1-LOC-N2-HIDE-TR-OBJ-N5.mp3,,OBJ-N5-SBJ-N1-HIDE-TR-LOC-N2.mp4,OBJ-N1-SBJ-N5-REVEAL-TR-LOC-N2.mp4
30,comprehension,2,1,114,target,OBJ.N5 SBJ.N2 PUSH-TR LOC.N4,SBJ.N2 LOC.N4 OBJ.N5 PUSH-TR,pif-murak pa-dabi fer-timó vánta,OBJ-SBJ-V.TR-LOC,OBJ.N2 SBJ.N5 PUSH-TR LOC.N4,PUSH-TR OBJ.N2 LOC.N4 SBJ.N5,OBJ-SBJ-V.TR-LOC,swapped_roles,,,,,,,,,,,,,comprehension,SBJ-N2-LOC-N4-OBJ-N5-PUSH-TR.mp3,,OBJ-N5-SBJ-N2-PUSH-TR-LOC-N4.mp4,OBJ-N2-SBJ-N5-PUSH-TR-LOC-N4.mp4
31,comprehension,2,1,115,target,OBJ.N5 SBJ.N1 REVEAL-TR LOC.N3,SBJ.N1 LOC.N3 OBJ.N5 REVEAL-TR,pif-pekli pa-zilép fer-timó girda,OBJ-SBJ-V.TR-LOC,OBJ.N3 SBJ.N1 HIDE-TR LOC.N5,LOC.N5 SBJ.N1 OBJ.N3 HIDE-TR,OBJ-SBJ-V.TR-LOC,swapped_roles_wrong_verb,,,,,,,,,,,,,comprehension,SBJ-N1-LOC-N3-OBJ-N5-REVEAL-TR.mp3,,OBJ-N5-SBJ-N1-REVEAL-TR-LOC-N3.mp4,OBJ-N3-SBJ-N1-HIDE-TR-LOC-N5.mp4
32,comprehension,2,1,116,target,SBJ.N3 GO-INTR,GO-INTR SBJ.N3,kávler pif-zilép,SBJ-V.INTR,SBJ.N3 HIDE-INTR,SBJ.N3 HIDE-INTR,SBJ-V.INTR,wrong_verb,,,,,,,,,,,,,comprehension,GO-INTR-SBJ-N3.mp3,,SBJ-N3-GO-INTR.mp4,SBJ-N3-HIDE-INTR.mp4
33,comprehension,2,1,117,target,OBJ.N5 SBJ.N3 PUSH-TR LOC.N4,SBJ.N3 LOC.N4 PUSH-TR OBJ.N5,pif-zilép pa-dabi vánta fer-timó,OBJ-SBJ-V.TR-LOC,OBJ.N4 SBJ.N3 PUSH-TR LOC.N5,LOC.N5 PUSH-TR SBJ.N3 OBJ.N4,OBJ-SBJ-V.TR-LOC,swapped_roles,,,,,,,,,,,,,comprehension,SBJ-N3-LOC-N4-PUSH-TR-OBJ-N5.mp3,,OBJ-N5-SBJ-N3-PUSH-TR-LOC-N4.mp4,OBJ-N4-SBJ-N3-PUSH-TR-LOC-N5.mp4
34,comprehension,2,1,118,target,OBJ.N5 Ab SBJ.N1 HIDE-TR,OBJ.N5 HIDE-TR Ab SBJ.N1,fer-timó zsübe zsot pif-pekli,OBJ-SBJ-V.TR,OBJ.N5 Aa SBJ.N1 PUSH-TR,PUSH-TR OBJ.N5 Aa SBJ.N1,OBJ-SBJ-V.TR,wrong_verb_wrong_adjective,,,,,,,,,,,,,comprehension,OBJ-N5-HIDE-TR-Ab-SBJ-N1.mp3,,OBJ-N5-Ab-SBJ-N1-HIDE-TR.mp4,OBJ-N5-Aa-SBJ-N1-PUSH-TR.mp4
35,comprehension,2,1,119,target,SBJ.N1 JUMP-INTR,SBJ.N1 JUMP-INTR,pif-pekli bonip,SBJ-V.INTR,SBJ.N1 GO-INTR,SBJ.N1 GO-INTR,SBJ-V.INTR,wrong_verb,,,,,,,,,,,,,comprehension,SBJ-N1-JUMP-INTR.mp3,,SBJ-N1-JUMP-INTR.mp4,SBJ-N1-GO-INTR.mp4
36,comprehension,2,1,120,target,SBJ.N2 HIDE-INTR LOC.N3,HIDE-INTR SBJ.N2 LOC.N3,zsübe pif-murak pa-zilép,SBJ-V.INTR-LOC,SBJ.N3 GO-INTR LOC.N2,LOC.N2 GO-INTR SBJ.N3,SBJ-V.INTR-LOC,swapped_roles_wrong_verb,,,,,,,,,,,,,comprehension,HIDE-INTR-SBJ-N2-LOC-N3.mp3,,SBJ-N2-HIDE-INTR-LOC-N3.mp4,SBJ-N3-GO-INTR-LOC-N2.mp4
37,comprehension,2,1,121,target,SBJ.N4 HIDE-INTR LOC.N5,SBJ.N4 LOC.N5 HIDE-INTR,pif-dabi pa-timó zsübe,SBJ-V.INTR-LOC,SBJ.N5 HIDE-INTR LOC.N4,HIDE-INTR SBJ.N5 LOC.N4,SBJ-V.INTR-LOC,swapped_roles,,,,,,,,,,,,,comprehension,SBJ-N4-LOC-N5-HIDE-INTR.mp3,,SBJ-N4-HIDE-INTR-LOC-N5.mp4,SBJ-N5-HIDE-INTR-LOC-N4.mp4
38,comprehension,2,1,122,target,SBJ.N5 GO-INTR LOC.N4,SBJ.N5 LOC.N4 GO-INTR,pif-timó pa-dabi kávler,SBJ-V.INTR-LOC,SBJ.N4 REVEAL-INTR LOC.N5,REVEAL-INTR SBJ.N4 LOC.N5,SBJ-V.INTR-LOC,swapped_roles_wrong_verb,,,,,,,,,,,,,comprehension,SBJ-N5-LOC-N4-GO-INTR.mp3,,SBJ-N5-GO-INTR-LOC-N4.mp4,SBJ-N4-REVEAL-INTR-LOC-N5.mp4
39,comprehension,2,1,123,target,SBJ.N3 JUMP-INTR LOC.N2,LOC.N2 JUMP-INTR SBJ.N3,pa-murak bonip pif-zilép,SBJ-V.INTR-LOC,SBJ.N2 JUMP-INTR LOC.N3,LOC.N3 JUMP-INTR SBJ.N2,SBJ-V.INTR-LOC,swapped_roles,,,,,,,,,,,,,comprehension,LOC-N2-JUMP-INTR-SBJ-N3.mp3,,SBJ-N3-JUMP-INTR-LOC-N2.mp4,SBJ-N2-JUMP-INTR-LOC-N3.mp4
40,comprehension,2,1,124,target,SBJ.N4 JUMP-INTR LOC.N1,LOC.N1 SBJ.N4 JUMP-INTR,pa-pekli pif-dabi bonip,SBJ-V.INTR-LOC,SBJ.N1 REVEAL-INTR LOC.N4,LOC.N4 SBJ.N1 REVEAL-INTR,SBJ-V.INTR-LOC,swapped_roles_wrong_verb,,,,,,,,,,,,,comprehension,LOC-N1-SBJ-N4-JUMP-INTR.mp3,,SBJ-N4-JUMP-INTR-LOC-N1.mp4,SBJ-N1-REVEAL-INTR-LOC-N4.mp4
41,comprehension,2,1,125,target,Ab OBJ.N5 SBJ.N2 HIDE-TR,SBJ.N2 Ab OBJ.N5 HIDE-TR,pif-murak zsot fer-timó zsübe,OBJ-SBJ-V.TR,OBJ.N2 Aa SBJ.N5 HIDE-TR,HIDE-TR Aa SBJ.N5 OBJ.N2,OBJ-SBJ-V.TR,wrong_adjective_swapped_roles,,,,,,,,,,,,,comprehension,SBJ-N2-Ab-OBJ-N5-HIDE-TR.mp3,,Ab-OBJ-N5-SBJ-N2-HIDE-TR.mp4,OBJ-N2-Aa-SBJ-N5-HIDE-TR.mp4
42,comprehension,2,1,126,target,OBJ.N5 SBJ.N3 REVEAL-TR LOC.N4,OBJ.N5 LOC.N4 SBJ.N3 REVEAL-TR,fer-timó pa-dabi pif-zilép girda,OBJ-SBJ-V.TR-LOC,OBJ.N4 SBJ.N3 REVEAL-TR LOC.N5,SBJ.N3 LOC.N5 OBJ.N4 REVEAL-TR,OBJ-SBJ-V.TR-LOC,swapped_roles,,,,,,,,,,,,,comprehension,OBJ-N5-LOC-N4-SBJ-N3-REVEAL-TR.mp3,,OBJ-N5-SBJ-N3-REVEAL-TR-LOC-N4.mp4,OBJ-N4-SBJ-N3-REVEAL-TR-LOC-N5.mp4
1,production,2,1,127,target,OBJ.N5 SBJ.N4 HIDE-TR,SBJ.N4 HIDE-TR OBJ.N5,pif-dabi zsübe fer-timó,OBJ-SBJ-V.TR,,,,,,,,,,,SBJ.|N4|HIDE|OBJ.|N5,pif|dabi|zsübe|fer|timó,PUSH|LOC,PUSH|N5|LOC.|N4|OBJ.|SBJ.|HIDE,vánta|timó|pa|dabi|fer|pif|zsübe,,production,,,OBJ-N5-SBJ-N4-HIDE-TR.mp4,
2,production,2,1,128,target,SBJ.N3 JUMP-INTR,JUMP-INTR SBJ.N3,bonip pif-zilép,SBJ-V.INTR,,,,,,,,,,,JUMP|SBJ.|N3,bonip|pif|zilép,Aa|N4,JUMP|Aa|SBJ.|N4|N3,bonip|gyék|pif|dabi|zilép,,production,,,SBJ-N3-JUMP-INTR.mp4,
3,production,2,1,129,target,SBJ.N4 GO-INTR,SBJ.N4 GO-INTR,pif-dabi kávler,SBJ-V.INTR,,,,,,,,,,,SBJ.|N4|GO,pif|dabi|kávler,N3|OBJ,N3|SBJ.|OBJ.|N4|GO,zilép|pif|fer|dabi|kávler,,production,,,SBJ-N4-GO-INTR.mp4,
4,production,2,1,130,target,OBJ.N5 SBJ.N4 PUSH-TR,SBJ.N4 OBJ.N5 PUSH-TR,pif-dabi fer-timó vánta,OBJ-SBJ-V.TR,,,,,,,,,,,SBJ.|N4|OBJ.|N5|PUSH,pif|dabi|fer|timó|vánta,N2|HIDE,N2|N4|PUSH|HIDE|N5|OBJ.|SBJ.,murak|dabi|vánta|zsübe|timó|fer|pif,,production,,,OBJ-N5-SBJ-N4-PUSH-TR.mp4,
5,production,2,1,131,target,OBJ.N5 SBJ.N3 REVEAL-TR,OBJ.N5 REVEAL-TR SBJ.N3,fer-timó girda pif-zilép,OBJ-SBJ-V.TR,,,,,,,,,,,OBJ.|N5|REVEAL|SBJ.|N3,fer|timó|girda|pif|zilép,Ab|N1,REVEAL|N3|N5|Ab|SBJ.|OBJ.|N1,girda|zilép|timó|zsot|pif|fer|pekli,,production,,,OBJ-N5-SBJ-N3-REVEAL-TR.mp4,
6,production,2,1,132,target,SBJ.N4 HIDE-INTR,HIDE-INTR SBJ.N4,zsübe pif-dabi,SBJ-V.INTR,,,,,,,,,,,HIDE|SBJ.|N4,zsübe|pif|dabi,N2|N3,HIDE|SBJ.|N2|N4|N3,zsübe|pif|murak|dabi|zilép,,production,,,SBJ-N4-HIDE-INTR.mp4,
7,production,2,1,133,target,OBJ.N5 SBJ.N4 PUSH-TR,SBJ.N4 OBJ.N5 PUSH-TR,pif-dabi fer-timó vánta,OBJ-SBJ-V.TR,,,,,,,,,,,SBJ.|N4|OBJ.|N5|PUSH,pif|dabi|fer|timó|vánta,N2|JUMP,SBJ.|N2|N5|PUSH|N4|JUMP|OBJ.,pif|murak|timó|vánta|dabi|bonip|fer,,production,,,OBJ-N5-SBJ-N4-PUSH-TR.mp4,
8,production,2,1,134,target,SBJ.N3 REVEAL-INTR,SBJ.N3 REVEAL-INTR,pif-zilép girda,SBJ-V.INTR,,,,,,,,,,,SBJ.|N3|REVEAL,pif|zilép|girda,Aa|LOC,Aa|REVEAL|N3|LOC.|SBJ.,gyék|girda|zilép|pa|pif,,production,,,SBJ-N3-REVEAL-INTR.mp4,
9,production,2,1,135,target,OBJ.N5 SBJ.N4 REVEAL-TR,REVEAL-TR OBJ.N5 SBJ.N4,girda fer-timó pif-dabi,OBJ-SBJ-V.TR,,,,,,,,,,,REVEAL|OBJ.|N5|SBJ.|N4,girda|fer|timó|pif|dabi,N2|Aa,N4|SBJ.|Aa|N2|N5|REVEAL|OBJ.,dabi|pif|gyék|murak|timó|girda|fer,,production,,,OBJ-N5-SBJ-N4-REVEAL-TR.mp4,
10,production,2,1,136,target,SBJ.N3 JUMP-INTR,JUMP-INTR SBJ.N3,bonip pif-zilép,SBJ-V.INTR,,,,,,,,,,,JUMP|SBJ.|N3,bonip|pif|zilép,GO|N5,JUMP|GO|N3|SBJ.|N5,bonip|kávler|zilép|pif|timó,,production,,,SBJ-N3-JUMP-INTR.mp4,
11,production,2,1,137,target,OBJ.N5 SBJ.N4 HIDE-TR,SBJ.N4 HIDE-TR OBJ.N5,pif-dabi zsübe fer-timó,OBJ-SBJ-V.TR,,,,,,,,,,,SBJ.|N4|HIDE|OBJ.|N5,pif|dabi|zsübe|fer|timó,REVEAL|Aa,Aa|HIDE|N5|REVEAL|OBJ.|SBJ.|N4,gyék|zsübe|timó|girda|fer|pif|dabi,,production,,,OBJ-N5-SBJ-N4-HIDE-TR.mp4,
12,production,2,1,138,target,SBJ.N2 REVEAL-INTR,SBJ.N2 REVEAL-INTR,pif-murak girda,SBJ-V.INTR,,,,,,,,,,,SBJ.|N2|REVEAL,pif|murak|girda,JUMP|OBJ,N2|OBJ.|REVEAL|JUMP|SBJ.,murak|fer|girda|bonip|pif,,production,,,SBJ-N2-REVEAL-INTR.mp4,
13,production,2,1,139,target,OBJ.N5 SBJ.N4 HIDE-TR,SBJ.N4 HIDE-TR OBJ.N5,pif-dabi zsübe fer-timó,OBJ-SBJ-V.TR,,,,,,,,,,,SBJ.|N4|HIDE|OBJ.|N5,pif|dabi|zsübe|fer|timó,PUSH|REVEAL,N4|SBJ.|OBJ.|REVEAL|HIDE|PUSH|N5,dabi|pif|fer|girda|zsübe|vánta|timó,,production,,,OBJ-N5-SBJ-N4-HIDE-TR.mp4,
14,production,2,1,140,target,SBJ.N1 GO-INTR,SBJ.N1 GO-INTR,pif-pekli kávler,SBJ-V.INTR,,,,,,,,,,,SBJ.|N1|GO,pif|pekli|kávler,N4|LOC,LOC.|GO|N4|SBJ.|N1,pa|kávler|dabi|pif|pekli,,production,,,SBJ-N1-GO-INTR.mp4,
15,production,2,1,141,target,OBJ.N5 SBJ.N3 REVEAL-TR,OBJ.N5 REVEAL-TR SBJ.N3,fer-timó girda pif-zilép,OBJ-SBJ-V.TR,,,,,,,,,,,OBJ.|N5|REVEAL|SBJ.|N3,fer|timó|girda|pif|zilép,HIDE|PUSH,HIDE|N5|SBJ.|PUSH|OBJ.|REVEAL|N3,zsübe|timó|pif|vánta|fer|girda|zilép,,production,,,OBJ-N5-SBJ-N3-REVEAL-TR.mp4,
16,production,2,1,142,target,SBJ.N3 JUMP-INTR,JUMP-INTR SBJ.N3,bonip pif-zilép,SBJ-V.INTR,,,,,,,,,,,JUMP|SBJ.|N3,bonip|pif|zilép,N5|N1,JUMP|N1|N5|SBJ.|N3,bonip|pekli|timó|pif|zilép,,production,,,SBJ-N3-JUMP-INTR.mp4,
17,production,2,1,143,target,SBJ.N4 HIDE-INTR,HIDE-INTR SBJ.N4,zsübe pif-dabi,SBJ-V.INTR,,,,,,,,,,,HIDE|SBJ.|N4,zsübe|pif|dabi,GO|N5,GO|SBJ.|N5|HIDE|N4,kávler|pif|timó|zsübe|dabi,,production,,,SBJ-N4-HIDE-INTR.mp4,
18,production,2,1,144,target,OBJ.N5 SBJ.N2 PUSH-TR,SBJ.N2 OBJ.N5 PUSH-TR,pif-murak fer-timó vánta,OBJ-SBJ-V.TR,,,,,,,,,,,SBJ.|N2|OBJ.|N5|PUSH,pif|murak|fer|timó|vánta,N3|N1,N3|PUSH|N2|N1|OBJ.|N5|SBJ.,zilép|vánta|murak|pekli|fer|timó|pif,,production,,,OBJ-N5-SBJ-N2-PUSH-TR.mp4,
19,production,2,1,145,target,SBJ.N5 REVEAL-INTR,SBJ.N5 REVEAL-INTR,pif-timó girda,SBJ-V.INTR,,,,,,,,,,,SBJ.|N5|REVEAL,pif|timó|girda,GO|HIDE,HIDE|GO|N5|REVEAL|SBJ.,zsübe|kávler|timó|girda|pif,,production,,,SBJ-N5-REVEAL-INTR.mp4,
20,production,2,1,146,target,SBJ.N3 HIDE-INTR,SBJ.N3 HIDE-INTR,pif-zilép zsübe,SBJ-V.INTR,,,,,,,,,,,SBJ.|N3|HIDE,pif|zilép|zsübe,Aa|GO,N3|HIDE|Aa|GO|SBJ.,zilép|zsübe|gyék|kávler|pif,,production,,,SBJ-N3-HIDE-INTR.mp4,
21,production,2,1,147,target,OBJ.N5 SBJ.N2 PUSH-TR,SBJ.N2 OBJ.N5 PUSH-TR,pif-murak fer-timó vánta,OBJ-SBJ-V.TR,,,,,,,,,,,SBJ.|N2|OBJ.|N5|PUSH,pif|murak|fer|timó|vánta,LOC|JUMP,N2|LOC.|JUMP|PUSH|N5|SBJ.|OBJ.,murak|pa|bonip|vánta|timó|pif|fer,,production,,,OBJ-N5-SBJ-N2-PUSH-TR.mp4,
22,production,2,1,148,target,OBJ.N5 SBJ.N1 PUSH-TR,SBJ.N1 OBJ.N5 PUSH-TR,pif-pekli fer-timó vánta,OBJ-SBJ-V.TR,,,,,,,,,,,SBJ.|N1|OBJ.|N5|PUSH,pif|pekli|fer|timó|vánta,HIDE|LOC,N5|PUSH|OBJ.|LOC.|HIDE|SBJ.|N1,timó|vánta|fer|pa|zsübe|pif|pekli,,production,,,OBJ-N5-SBJ-N1-PUSH-TR.mp4,
23,production,2,1,149,target,OBJ.N5 SBJ.N2 HIDE-TR LOC.N3,HIDE-TR OBJ.N5 LOC.N3 SBJ.N2,zsübe fer-timó pa-zilép pif-murak,OBJ-SBJ-V.TR-LOC,,,,,,,,,,,HIDE|OBJ.|N5|LOC.|N3|SBJ.|N2,zsübe|fer|timó|pa|zilép|pif|murak,N4|REVEAL,LOC.|N2|REVEAL|N5|HIDE|SBJ.|N4|OBJ.|N3,pa|murak|girda|timó|zsübe|pif|dabi|fer|zilép,,production,,,OBJ-N5-SBJ-N2-HIDE-TR-LOC-N3.mp4,
24,production,2,1,150,target,SBJ.N4 REVEAL-INTR LOC.N3,SBJ.N4 REVEAL-INTR LOC.N3,pif-dabi girda pa-zilép,SBJ-V.INTR-LOC,,,,,,,,,,,SBJ.|N4|REVEAL|LOC.|N3,pif|dabi|girda|pa|zilép,Ab|GO,LOC.|N3|GO|N4|Ab|REVEAL|SBJ.,pa|zilép|kávler|dabi|zsot|girda|pif,,production,,,SBJ-N4-REVEAL-INTR-LOC-N3.mp4,
25,production,2,1,151,target,SBJ.N4 REVEAL-INTR LOC.N3,SBJ.N4 REVEAL-INTR LOC.N3,pif-dabi girda pa-zilép,SBJ-V.INTR-LOC,,,,,,,,,,,SBJ.|N4|REVEAL|LOC.|N3,pif|dabi|girda|pa|zilép,N1|Ab,REVEAL|N4|N3|LOC.|SBJ.|Ab|N1,girda|dabi|zilép|pa|pif|zsot|pekli,,production,,,SBJ-N4-REVEAL-INTR-LOC-N3.mp4,
26,production,2,1,152,target,OBJ.N5 SBJ.N1 PUSH-TR LOC.N2,OBJ.N5 PUSH-TR SBJ.N1 LOC.N2,fer-timó vánta pif-pekli pa-murak,OBJ-SBJ-V.TR-LOC,,,,,,,,,,,OBJ.|N5|PUSH|SBJ.|N1|LOC.|N2,fer|timó|vánta|pif|pekli|pa|murak,N3|GO,PUSH|N1|N5|LOC.|N2|N3|SBJ.|GO|OBJ.,vánta|pekli|timó|pa|murak|zilép|pif|kávler|fer,,production,,,OBJ-N5-SBJ-N1-PUSH-TR-LOC-N2.mp4,
27,production,2,1,153,target,OBJ.N5 SBJ.N1 REVEAL-TR LOC.N3,SBJ.N1 LOC.N3 OBJ.N5 REVEAL-TR,pif-pekli pa-zilép fer-timó girda,OBJ-SBJ-V.TR-LOC,,,,,,,,,,,SBJ.|N1|LOC.|N3|OBJ.|N5|REVEAL,pif|pekli|pa|zilép|fer|timó|girda,JUMP|HIDE,N3|SBJ.|JUMP|OBJ.|N5|REVEAL|HIDE|LOC.|N1,zilép|pif|bonip|fer|timó|girda|zsübe|pa|pekli,,production,,,OBJ-N5-SBJ-N1-REVEAL-TR-LOC-N3.mp4,
28,production,2,1,154,target,SBJ.N1 REVEAL-INTR LOC.N5,REVEAL-INTR SBJ.N1 LOC.N5,girda pif-pekli pa-timó,SBJ-V.INTR-LOC,,,,,,,,,,,REVEAL|SBJ.|N1|LOC.|N5,girda|pif|pekli|pa|timó,Ab|N2,N1|SBJ.|N5|N2|LOC.|Ab|REVEAL,pekli|pif|timó|murak|pa|zsot|girda,,production,,,SBJ-N1-REVEAL-INTR-LOC-N5.mp4,
29,production,2,1,155,target,OBJ.N5 SBJ.N2 PUSH-TR LOC.N3,LOC.N3 SBJ.N2 OBJ.N5 PUSH-TR,pa-zilép pif-murak fer-timó vánta,OBJ-SBJ-V.TR-LOC,,,,,,,,,,,LOC.|N3|SBJ.|N2|OBJ.|N5|PUSH,pa|zilép|pif|murak|fer|timó|vánta,N1|REVEAL,N2|N3|PUSH|N5|SBJ.|N1|OBJ.|REVEAL|LOC.,murak|zilép|vánta|timó|pif|pekli|fer|girda|pa,,production,,,OBJ-N5-SBJ-N2-PUSH-TR-LOC-N3.mp4,
30,production,2,1,156,target,OBJ.N5 SBJ.N1 HIDE-TR LOC.N2,SBJ.N1 LOC.N2 HIDE-TR OBJ.N5,pif-pekli pa-murak zsübe fer-timó,OBJ-SBJ-V.TR-LOC,,,,,,,,,,,SBJ.|N1|LOC.|N2|HIDE|OBJ.|N5,pif|pekli|pa|murak|zsübe|fer|timó,N3|Ab,HIDE|N2|LOC.|OBJ.|N3|N5|N1|Ab|SBJ.,zsübe|murak|pa|fer|zilép|timó|pekli|zsot|pif,,production,,,OBJ-N5-SBJ-N1-HIDE-TR-LOC-N2.mp4,
31,production,2,1,157,target,OBJ.N5 SBJ.N2 PUSH-TR LOC.N4,SBJ.N2 LOC.N4 OBJ.N5 PUSH-TR,pif-murak pa-dabi fer-timó vánta,OBJ-SBJ-V.TR-LOC,,,,,,,,,,,SBJ.|N2|LOC.|N4|OBJ.|N5|PUSH,pif|murak|pa|dabi|fer|timó|vánta,Ab|HIDE,LOC.|N2|OBJ.|PUSH|HIDE|SBJ.|Ab|N4|N5,pa|murak|fer|vánta|zsübe|pif|zsot|dabi|timó,,production,,,OBJ-N5-SBJ-N2-PUSH-TR-LOC-N4.mp4,
32,production,2,1,158,target,OBJ.N5 SBJ.N3 REVEAL-TR,OBJ.N5 REVEAL-TR SBJ.N3,fer-timó girda pif-zilép,OBJ-SBJ-V.TR,,,,,,,,,,,OBJ.|N5|REVEAL|SBJ.|N3,fer|timó|girda|pif|zilép,GO|Ab,N5|GO|OBJ.|N3|Ab|SBJ.|REVEAL,timó|kávler|fer|zilép|zsot|pif|girda,,production,,,OBJ-N5-SBJ-N3-REVEAL-TR.mp4,
33,production,2,1,159,target,OBJ.N5 SBJ.N3 HIDE-TR LOC.N4,OBJ.N5 SBJ.N3 HIDE-TR LOC.N4,fer-timó pif-zilép zsübe pa-dabi,OBJ-SBJ-V.TR-LOC,,,,,,,,,,,OBJ.|N5|SBJ.|N3|HIDE|LOC.|N4,fer|timó|pif|zilép|zsübe|pa|dabi,GO|REVEAL,N5|OBJ.|HIDE|REVEAL|SBJ.|GO|LOC.|N4|N3,timó|fer|zsübe|girda|pif|kávler|pa|dabi|zilép,,production,,,OBJ-N5-SBJ-N3-HIDE-TR-LOC-N4.mp4,
34,production,2,1,160,target,Aa SBJ.N5 JUMP-INTR,JUMP-INTR Aa SBJ.N5,bonip gyék pif-timó,SBJ-V.INTR,,,,,,,,,,,JUMP|Aa|SBJ.|N5,bonip|gyék|pif|timó,GO|N4,N4|GO|SBJ.|N5|JUMP|Aa,dabi|kávler|pif|timó|bonip|gyék,,production,,,Aa-SBJ-N5-JUMP-INTR.mp4,
35,production,2,1,161,target,SBJ.N3 HIDE-INTR,SBJ.N3 HIDE-INTR,pif-zilép zsübe,SBJ-V.INTR,,,,,,,,,,,SBJ.|N3|HIDE,pif|zilép|zsübe,LOC|Ab,HIDE|SBJ.|LOC.|Ab|N3,zsübe|pif|pa|zsot|zilép,,production,,,SBJ-N3-HIDE-INTR.mp4,
36,production,2,1,162,target,SBJ.N3 GO-INTR LOC.N2,LOC.N2 GO-INTR SBJ.N3,pa-murak kávler pif-zilép,SBJ-V.INTR-LOC,,,,,,,,,,,LOC.|N2|GO|SBJ.|N3,pa|murak|kávler|pif|zilép,Aa|REVEAL,LOC.|SBJ.|N2|GO|REVEAL|N3|Aa,pa|pif|murak|kávler|girda|zilép|gyék,,production,,,SBJ-N3-GO-INTR-LOC-N2.mp4,
37,production,2,1,163,target,SBJ.N1 HIDE-INTR LOC.N5,HIDE-INTR LOC.N5 SBJ.N1,zsübe pa-timó pif-pekli,SBJ-V.INTR-LOC,,,,,,,,,,,HIDE|LOC.|N5|SBJ.|N1,zsübe|pa|timó|pif|pekli,PUSH|OBJ,SBJ.|N1|HIDE|PUSH|LOC.|N5|OBJ.,pif|pekli|zsübe|vánta|pa|timó|fer,,production,,,SBJ-N1-HIDE-INTR-LOC-N5.mp4,
38,production,2,1,164,target,SBJ.N1 JUMP-INTR LOC.N5,LOC.N5 SBJ.N1 JUMP-INTR,pa-timó pif-pekli bonip,SBJ-V.INTR-LOC,,,,,,,,,,,LOC.|N5|SBJ.|N1|JUMP,pa|timó|pif|pekli|bonip,HIDE|OBJ,LOC.|OBJ.|HIDE|SBJ.|JUMP|N1|N5,pa|fer|zsübe|pif|bonip|pekli|timó,,production,,,SBJ-N1-JUMP-INTR-LOC-N5.mp4,
39,production,2,1,165,target,SBJ.N5 GO-INTR LOC.N3,GO-INTR SBJ.N5 LOC.N3,kávler pif-timó pa-zilép,SBJ-V.INTR-LOC,,,,,,,,,,,GO|SBJ.|N5|LOC.|N3,kávler|pif|timó|pa|zilép,N4|Aa,N3|LOC.|Aa|N4|GO|N5|SBJ.,zilép|pa|gyék|dabi|kávler|timó|pif,,production,,,SBJ-N5-GO-INTR-LOC-N3.mp4,
40,production,2,1,166,target,SBJ.N5 HIDE-INTR LOC.N2,LOC.N2 HIDE-INTR SBJ.N5,pa-murak zsübe pif-timó,SBJ-V.INTR-LOC,,,,,,,,,,,LOC.|N2|HIDE|SBJ.|N5,pa|murak|zsübe|pif|timó,N4|N3,N4|HIDE|N3|SBJ.|N2|LOC.|N5,dabi|zsübe|zilép|pif|murak|pa|timó,,production,,,SBJ-N5-HIDE-INTR-LOC-N2.mp4,
41,production,2,1,167,target,OBJ.N5 SBJ.N3 HIDE-TR LOC.N2,HIDE-TR OBJ.N5 LOC.N2 SBJ.N3,zsübe fer-timó pa-murak pif-zilép,OBJ-SBJ-V.TR-LOC,,,,,,,,,,,HIDE|OBJ.|N5|LOC.|N2|SBJ.|N3,zsübe|fer|timó|pa|murak|pif|zilép,Aa|GO,GO|HIDE|LOC.|N2|SBJ.|N5|N3|OBJ.|Aa,kávler|zsübe|pa|murak|pif|timó|zilép|fer|gyék,,production,,,OBJ-N5-SBJ-N3-HIDE-TR-LOC-N2.mp4,
42,production,2,1,168,target,Ab OBJ.N5 SBJ.N2 HIDE-TR,SBJ.N2 Ab OBJ.N5 HIDE-TR,pif-murak zsot fer-timó zsübe,OBJ-SBJ-V.TR,,,,,,,,,,,SBJ.|N2|Ab|OBJ.|N5|HIDE,pif|murak|zsot|fer|timó|zsübe,GO|N1,N5|OBJ.|Ab|SBJ.|N1|HIDE|GO|N2,timó|fer|zsot|pif|pekli|zsübe|kávler|murak,,production,,,Ab-OBJ-N5-SBJ-N2-HIDE-TR.mp4,
1,chunk,2,1,169,seen_low_freq,JUMP N5,PUSH LOC,vánta pa,,,,,,seen_low_freq,,,,,,,,,,,1,chunk,PUSH-LOC.mp3,,,
2,chunk,2,1,170,illegal,N4 N4,N5 N5,timó timó,,,,,,illegal,,,,,,,,,,,0,chunk,N5-N5.mp3,,,
3,chunk,2,1,171,seen_high_freq,REVEAL N4,HIDE LOC,zsübe pa,,,,,,seen_high_freq,,,,,,,,,,,6,chunk,HIDE-LOC.mp3,,,
4,chunk,2,1,172,unseen_legal,N2 N3,LOC Aa,pa gyék,,,,,,unseen_legal,,,,,,,,,,,0,chunk,LOC-Aa.mp3,,,
5,chunk,2,1,173,seen_low_freq,HIDE N1,N2 GO,murak kávler,,,,,,seen_low_freq,,,,,,,,,,,2,chunk,N2-GO.mp3,,,
6,chunk,2,1,174,seen_low_freq,N1 JUMP,N4 SBJ,dabi pif,,,,,,seen_low_freq,,,,,,,,,,,3,chunk,N4-SBJ.mp3,,,
7,chunk,2,1,175,unseen_legal,N4 Aa,REVEAL Ab,girda zsot,,,,,,unseen_legal,,,,,,,,,,,0,chunk,REVEAL-Ab.mp3,,,
8,chunk,2,1,176,illegal,N1 N1,N3 N3,zilép zilép,,,,,,illegal,,,,,,,,,,,0,chunk,N3-N3.mp3,,,
9,chunk,2,1,177,unseen_legal,N4 N2,SBJ JUMP,pif bonip,,,,,,unseen_legal,,,,,,,,,,,0,chunk,SBJ-JUMP.mp3,,,
10,chunk,2,1,178,seen_high_freq,N1 GO,N2 SBJ,murak pif,,,,,,seen_high_freq,,,,,,,,,,,4,chunk,N2-SBJ.mp3,,,
11,chunk,2,1,179,seen_high_freq,N5 N3,LOC N2,pa-murak,,,,,,seen_high_freq,,,,,,,,,,,18,chunk,LOC-N2.mp3,,,
12,chunk,2,1,180,seen_high_freq,N2 HIDE,JUMP SBJ,bonip pif,,,,,,seen_high_freq,,,,,,,,,,,8,chunk,JUMP-SBJ.mp3,,,
13,chunk,2,1,181,seen_low_freq,GO N4,Aa SBJ,gyék pif,,,,,,seen_low_freq,,,,,,,,,,,2,chunk,Aa-SBJ.mp3,,,
14,chunk,2,1,182,seen_high_freq,REVEAL N3,N2 LOC,murak pa,,,,,,seen_high_freq,,,,,,,,,,,7,chunk,N2-LOC.mp3,,,
15,chunk,2,1,183,illegal,HIDE JUMP,N5 N5,timó timó,,,,,,illegal,,,,,,,,,,,0,chunk,N5-N5.mp3,,,
16,chunk,2,1,184,unseen_legal,N4 N5,LOC GO,pa kávler,,,,,,unseen_legal,,,,,,,,,,,0,chunk,LOC-GO.mp3,,,
17,chunk,2,1,185,illegal,PUSH PUSH,N5 N5,timó timó,,,,,,illegal,,,,,,,,,,,0,chunk,N5-N5.mp3,,,
18,chunk,2,1,186,illegal,GO PUSH,N3 N3,zilép zilép,,,,,,illegal,,,,,,,,,,,0,chunk,N3-N3.mp3,,,
19,chunk,2,1,187,unseen_legal,N1 N2,N1 N5,pekli timó,,,,,,unseen_legal,,,,,,,,,,,0,chunk,N1-N5.mp3,,,
20,chunk,2,1,188,seen_low_freq,N5 Ab,N4 LOC,dabi pa,,,,,,seen_low_freq,,,,,,,,,,,3,chunk,N4-LOC.mp3,,,
1,gj,2,1,189,grammatical,SBJ.N3 JUMP-INTR,JUMP-INTR SBJ.N3,bonip pif-zilép,SBJ-V.INTR,,,,,,grammatical,,,,,,,,,,6,gj,JUMP-INTR-SBJ-N3.mp3,,,
2,gj,2,1,190,grammatical,OBJ.N5 Ab SBJ.N1 PUSH-TR,PUSH-TR Ab SBJ.N1 OBJ.N5,vánta zsot pif-pekli fer-timó,OBJ-SBJ-V.TR,,,,,,grammatical,,,,,,,,,,1,gj,PUSH-TR-Ab-SBJ-N1-OBJ-N5.mp3,,,
3,gj,2,1,191,grammatical,SBJ.N4 REVEAL-INTR LOC.N3,SBJ.N4 REVEAL-INTR LOC.N3,pif-dabi girda pa-zilép,SBJ-V.INTR-LOC,,,,,,grammatical,,,,,,,,,,4,gj,SBJ-N4-REVEAL-INTR-LOC-N3.mp3,,,
4,gj,2,1,192,grammatical,OBJ.N5 SBJ.N3 HIDE-TR LOC.N4,OBJ.N5 SBJ.N3 HIDE-TR LOC.N4,fer-timó pif-zilép zsübe pa-dabi,OBJ-SBJ-V.TR-LOC,,,,,,grammatical,,,,,,,,,,2,gj,OBJ-N5-SBJ-N3-HIDE-TR-LOC-N4.mp3,,,
5,gj,2,1,193,grammatical,OBJ.N5 SBJ.N4 PUSH-TR,SBJ.N4 OBJ.N5 PUSH-TR,pif-dabi fer-timó vánta,OBJ-SBJ-V.TR,,,,,,grammatical,,,,,,,,,,5,gj,SBJ-N4-OBJ-N5-PUSH-TR.mp3,,,
6,gj,2,1,194,grammatical,Ab SBJ.N4 JUMP-INTR,Ab SBJ.N4 JUMP-INTR,zsot pif-dabi bonip,SBJ-V.INTR,,,,,,grammatical,,V-frame-jump-V.INTR,Ab SBJ.N4 JUMP-INTR,Ab SBJ.N4 JUMP-INTR,,,,,,0,gj,Ab-SBJ-N4-JUMP-INTR.mp3,,,
7,gj,2,1,195,grammatical,OBJ.N4 Ab SBJ.N2 PUSH-TR,Ab SBJ.N2 OBJ.N4 PUSH-TR,zsot pif-murak fer-dabi vánta,OBJ-SBJ-V.TR,,,,,,grammatical,,sent-frame-OBJ-SUBJ-V.TR,OBJ.N4 Ab SBJ.N2 PUSH-TR,Ab SBJ.N2 OBJ.N4 PUSH-TR,,,,,,0,gj,Ab-SBJ-N2-OBJ-N4-PUSH-TR.mp3,,,
8,gj,2,1,196,grammatical,Ab SBJ.N2 GO-INTR,Ab SBJ.N2 GO-INTR,zsot pif-murak kávler,SBJ-V.INTR,,,,,,grammatical,,sent-frame-SUBJ-V.INTR,Ab SBJ.N2 GO-INTR,Ab SBJ.N2 GO-INTR,,,,,,0,gj,Ab-SBJ-N2-GO-INTR.mp3,,,
9,gj,2,1,197,grammatical,OBJ.N2 Aa SBJ.N3 PUSH-TR,PUSH-TR OBJ.N2 Aa SBJ.N3,vánta fer-murak gyék pif-zilép,OBJ-SBJ-V.TR,,,,,,grammatical,,sent-frame-OBJ-SUBJ-V.TR,OBJ.N2 Aa SBJ.N3 PUSH-TR,PUSH-TR OBJ.N2 Aa SBJ.N3,,,,,,0,gj,PUSH-TR-OBJ-N2-Aa-SBJ-N3.mp3,,,
10,gj,2,1,198,grammatical,Ab SBJ.N5 JUMP-INTR,Ab SBJ.N5 JUMP-INTR,zsot pif-timó bonip,SBJ-V.INTR,,,,,,grammatical,,sent-frame-SUBJ-V.INTR,Ab SBJ.N5 JUMP-INTR,Ab SBJ.N5 JUMP-INTR,,,,,,0,gj,Ab-SBJ-N5-JUMP-INTR.mp3,,,
11,gj,2,1,199,ungrammatical,OBJ.N1 SBJ.N3 JUMP-INTR,OBJ.N1 JUMP-INTR SBJ.N3,fer-pekli bonip pif-zilép,SBJ-V.INTR,,,,,,ungrammatical,verb_frame,,,,,,,,,,gj,OBJ-N1-JUMP-INTR-SBJ-N3.mp3,,,
12,gj,2,1,200,ungrammatical,Ab SBJ.N1 PUSH-TR,PUSH-TR Ab SBJ.N1,vánta zsot pif-pekli,OBJ-SBJ-V.TR,,,,,,ungrammatical,verb_frame,,,,,,,,,,gj,PUSH-TR-Ab-SBJ-N1.mp3,,,
13,gj,2,1,201,ungrammatical,SBJ.N4 REVEAL-INTR LOC.N3 LOC.N1,SBJ.N4 REVEAL-INTR LOC.N3 LOC.N1,pif-dabi girda pa-zilép pa-pekli,SBJ-V.INTR-LOC,,,,,,ungrammatical,verb_frame,,,,,,,,,,gj,SBJ-N4-REVEAL-INTR-LOC-N3-LOC-N1.mp3,,,
14,gj,2,1,202,ungrammatical,HIDE-TR LOC.N4,HIDE-TR LOC.N4,zsübe pa-dabi,OBJ-SBJ-V.TR-LOC,,,,,,ungrammatical,verb_frame,,,,,,,,,,gj,HIDE-TR-LOC-N4.mp3,,,
15,gj,2,1,203,ungrammatical,SBJ.N4 PUSH-TR,SBJ.N4 PUSH-TR,pif-dabi vánta,OBJ-SBJ-V.TR,,,,,,ungrammatical,verb_frame,,,,,,,,,,gj,SBJ-N4-PUSH-TR.mp3,,,
16,gj,2,1,204,ungrammatical,OBJ.N1 SBJ.N4 Ab JUMP-INTR,OBJ.N1 SBJ.N4 Ab JUMP-INTR,fer-pekli pif-dabi zsot bonip,SBJ-V.INTR,,,,,,ungrammatical,verb_frame_and_NP_structure,V-frame-jump-V.INTR,Ab SBJ.N4 JUMP-INTR,Ab SBJ.N4 JUMP-INTR,,,,,,,gj,OBJ-N1-SBJ-N4-Ab-JUMP-INTR.mp3,,,
17,gj,2,1,205,ungrammatical,SBJ.N2 Ab PUSH-TR,SBJ.N2 Ab PUSH-TR,pif-murak zsot vánta,OBJ-SBJ-V.TR,,,,,,ungrammatical,verb_frame_and_NP_structure,sent-frame-OBJ-SUBJ-V.TR,OBJ.N4 Ab SBJ.N2 PUSH-TR,Ab SBJ.N2 OBJ.N4 PUSH-TR,,,,,,,gj,SBJ-N2-Ab-PUSH-TR.mp3,,,
18,gj,2,1,206,ungrammatical,OBJ.N1 SBJ.N2 Ab GO-INTR,OBJ.N1 SBJ.N2 Ab GO-INTR,fer-pekli pif-murak zsot kávler,SBJ-V.INTR,,,,,,ungrammatical,verb_frame_and_NP_structure,sent-frame-SUBJ-V.INTR,Ab SBJ.N2 GO-INTR,Ab SBJ.N2 GO-INTR,,,,,,,gj,OBJ-N1-SBJ-N2-Ab-GO-INTR.mp3,,,
19,gj,2,1,207,ungrammatical,SBJ.N3 Aa PUSH-TR,SBJ.N3 Aa PUSH-TR,pif-zilép gyék vánta,OBJ-SBJ-V.TR,,,,,,ungrammatical,verb_frame_and_NP_structure,sent-frame-OBJ-SUBJ-V.TR,OBJ.N2 Aa SBJ.N3 PUSH-TR,PUSH-TR OBJ.N2 Aa SBJ.N3,,,,,,,gj,SBJ-N3-Aa-PUSH-TR.mp3,,,
20,gj,2,1,208,ungrammatical,OBJ.N1 SBJ.N5 Ab JUMP-INTR,OBJ.N1 SBJ.N5 Ab JUMP-INTR,fer-pekli pif-timó zsot bonip,SBJ-V.INTR,,,,,,ungrammatical,verb_frame_and_NP_structure,sent-frame-SUBJ-V.INTR,Ab SBJ.N5 JUMP-INTR,Ab SBJ.N5 JUMP-INTR,,,,,,,gj,OBJ-N1-SBJ-N5-Ab-JUMP-INTR.mp3,,,
1,passive,2,2,209,target,OBJ.N5 SBJ.N4 PUSH-TR LOC.N1,LOC.N1 OBJ.N5 SBJ.N4 PUSH-TR,pa-pekli fer-timó pif-dabi vánta,OBJ-SBJ-V.TR-LOC,,,,,,,,,,,,,,,,,passive,LOC-N1-OBJ-N5-SBJ-N4-PUSH-TR.mp3,,OBJ-N5-SBJ-N4-PUSH-TR-LOC-N1.mp4,
2,passive,2,2,210,target,SBJ.N3 REVEAL-INTR LOC.N2,LOC.N2 REVEAL-INTR SBJ.N3,pa-murak girda pif-zilép,SBJ-V.INTR-LOC,,,,,,,,,,,,,,,,,passive,LOC-N2-REVEAL-INTR-SBJ-N3.mp3,,SBJ-N3-REVEAL-INTR-LOC-N2.mp4,
3,passive,2,2,211,target,OBJ.N5 SBJ.N4 REVEAL-TR LOC.N1,OBJ.N5 LOC.N1 REVEAL-TR SBJ.N4,fer-timó pa-pekli girda pif-dabi,OBJ-SBJ-V.TR-LOC,,,,,,,,,,,,,,,,,passive,OBJ-N5-LOC-N1-REVEAL-TR-SBJ-N4.mp3,,OBJ-N5-SBJ-N4-REVEAL-TR-LOC-N1.mp4,
4,passive,2,2,212,target,SBJ.N5 REVEAL-INTR LOC.N3,SBJ.N5 REVEAL-INTR LOC.N3,pif-timó girda pa-zilép,SBJ-V.INTR-LOC,,,,,,,,,,,,,,,,,passive,SBJ-N5-REVEAL-INTR-LOC-N3.mp3,,SBJ-N5-REVEAL-INTR-LOC-N3.mp4,
5,passive,2,2,213,target,Ab SBJ.N1 GO-INTR,GO-INTR Ab SBJ.N1,kávler zsot pif-pekli,SBJ-V.INTR,,,,,,,,,,,,,,,,,passive,GO-INTR-Ab-SBJ-N1.mp3,,Ab-SBJ-N1-GO-INTR.mp4,
6,passive,2,2,214,target,Ab OBJ.N5 SBJ.N2 HIDE-TR,SBJ.N2 Ab OBJ.N5 HIDE-TR,pif-murak zsot fer-timó zsübe,OBJ-SBJ-V.TR,,,,,,,,,,,,,,,,,passive,SBJ-N2-Ab-OBJ-N5-HIDE-TR.mp3,,Ab-OBJ-N5-SBJ-N2-HIDE-TR.mp4,
7,passive,2,2,215,target,Ab SBJ.N3 HIDE-INTR,Ab SBJ.N3 HIDE-INTR,zsot pif-zilép zsübe,SBJ-V.INTR,,,,,,,,,,,,,,,,,passive,Ab-SBJ-N3-HIDE-INTR.mp3,,Ab-SBJ-N3-HIDE-INTR.mp4,
8,passive,2,2,216,target,OBJ.N5 SBJ.N4 PUSH-TR LOC.N1,LOC.N1 OBJ.N5 SBJ.N4 PUSH-TR,pa-pekli fer-timó pif-dabi vánta,OBJ-SBJ-V.TR-LOC,,,,,,,,,,,,,,,,,passive,LOC-N1-OBJ-N5-SBJ-N4-PUSH-TR.mp3,,OBJ-N5-SBJ-N4-PUSH-TR-LOC-N1.mp4,
9,passive,2,2,217,target,OBJ.N5 SBJ.N4 REVEAL-TR,REVEAL-TR OBJ.N5 SBJ.N4,girda fer-timó pif-dabi,OBJ-SBJ-V.TR,,,,,,,,,,,,,,,,,passive,REVEAL-TR-OBJ-N5-SBJ-N4.mp3,,OBJ-N5-SBJ-N4-REVEAL-TR.mp4,
10,passive,2,2,218,target,SBJ.N5 REVEAL-INTR LOC.N4,SBJ.N5 LOC.N4 REVEAL-INTR,pif-timó pa-dabi girda,SBJ-V.INTR-LOC,,,,,,,,,,,,,,,,,passive,SBJ-N5-LOC-N4-REVEAL-INTR.mp3,,SBJ-N5-REVEAL-INTR-LOC-N4.mp4,
11,passive,2,2,219,target,SBJ.N5 GO-INTR,GO-INTR SBJ.N5,kávler pif-timó,SBJ-V.INTR,,,,,,,,,,,,,,,,,passive,GO-INTR-SBJ-N5.mp3,,SBJ-N5-GO-INTR.mp4,
12,passive,2,2,220,target,OBJ.N5 SBJ.N3 HIDE-TR,OBJ.N5 HIDE-TR SBJ.N3,fer-timó zsübe pif-zilép,OBJ-SBJ-V.TR,,,,,,,,,,,,,,,,,passive,OBJ-N5-HIDE-TR-SBJ-N3.mp3,,OBJ-N5-SBJ-N3-HIDE-TR.mp4,
13,passive,2,2,221,target,OBJ.N5 SBJ.N4 HIDE-TR LOC.N1,LOC.N1 OBJ.N5 SBJ.N4 HIDE-TR,pa-pekli fer-timó pif-dabi zsübe,OBJ-SBJ-V.TR-LOC,,,,,,,,,,,,,,,,,passive,LOC-N1-OBJ-N5-SBJ-N4-HIDE-TR.mp3,,OBJ-N5-SBJ-N4-HIDE-TR-LOC-N1.mp4,
14,passive,2,2,222,target,OBJ.N5 SBJ.N3 PUSH-TR LOC.N1,PUSH-TR LOC.N1 OBJ.N5 SBJ.N3,vánta pa-pekli fer-timó pif-zilép,OBJ-SBJ-V.TR-LOC,,,,,,,,,,,,,,,,,passive,PUSH-TR-LOC-N1-OBJ-N5-SBJ-N3.mp3,,OBJ-N5-SBJ-N3-PUSH-TR-LOC-N1.mp4,
15,passive,2,2,223,target,OBJ.N5 Ab SBJ.N2 REVEAL-TR,OBJ.N5 Ab SBJ.N2 REVEAL-TR,fer-timó zsot pif-murak girda,OBJ-SBJ-V.TR,,,,,,,,,,,,,,,,,passive,OBJ-N5-Ab-SBJ-N2-REVEAL-TR.mp3,,OBJ-N5-Ab-SBJ-N2-REVEAL-TR.mp4,
16,passive,2,2,224,target,SBJ.N4 JUMP-INTR,JUMP-INTR SBJ.N4,bonip pif-dabi,SBJ-V.INTR,,,,,,,,,,,,,,,,,passive,JUMP-INTR-SBJ-N4.mp3,,SBJ-N4-JUMP-INTR.mp4,
17,passive,2,2,225,target,Ab SBJ.N4 JUMP-INTR,Ab SBJ.N4 JUMP-INTR,zsot pif-dabi bonip,SBJ-V.INTR,,,,,,,,,,,,,,,,,passive,Ab-SBJ-N4-JUMP-INTR.mp3,,Ab-SBJ-N4-JUMP-INTR.mp4,
18,passive,2,2,226,target,SBJ.N4 GO-INTR LOC.N1,GO-INTR LOC.N1 SBJ.N4,kávler pa-pekli pif-dabi,SBJ-V.INTR-LOC,,,,,,,,,,,,,,,,,passive,GO-INTR-LOC-N1-SBJ-N4.mp3,,SBJ-N4-GO-INTR-LOC-N1.mp4,
19,passive,2,2,227,target,SBJ.N3 HIDE-INTR LOC.N5,HIDE-INTR LOC.N5 SBJ.N3,zsübe pa-timó pif-zilép,SBJ-V.INTR-LOC,,,,,,,,,,,,,,,,,passive,HIDE-INTR-LOC-N5-SBJ-N3.mp3,,SBJ-N3-HIDE-INTR-LOC-N5.mp4,
20,passive,2,2,228,target,SBJ.N1 JUMP-INTR LOC.N2,SBJ.N1 JUMP-INTR LOC.N2,pif-pekli bonip pa-murak,SBJ-V.INTR-LOC,,,,,,,,,,,,,,,,,passive,SBJ-N1-JUMP-INTR-LOC-N2.mp3,,SBJ-N1-JUMP-INTR-LOC-N2.mp4,
21,passive,2,2,229,target,OBJ.N5 Ab SBJ.N4 REVEAL-TR,OBJ.N5 Ab SBJ.N4 REVEAL-TR,fer-timó zsot pif-dabi girda,OBJ-SBJ-V.TR,,,,,,,,,,,,,,,,,passive,OBJ-N5-Ab-SBJ-N4-REVEAL-TR.mp3,,OBJ-N5-Ab-SBJ-N4-REVEAL-TR.mp4,
22,passive,2,2,230,target,OBJ.N5 SBJ.N3 HIDE-TR LOC.N2,HIDE-TR OBJ.N5 LOC.N2 SBJ.N3,zsübe fer-timó pa-murak pif-zilép,OBJ-SBJ-V.TR-LOC,,,,,,,,,,,,,,,,,passive,HIDE-TR-OBJ-N5-LOC-N2-SBJ-N3.mp3,,OBJ-N5-SBJ-N3-HIDE-TR-LOC-N2.mp4,
23,passive,2,2,231,target,Ab SBJ.N5 REVEAL-INTR Ab LOC.N4,REVEAL-INTR Ab LOC.N4 Ab SBJ.N5,girda zsot pa-dabi zsot pif-timó,SBJ-V.INTR-LOC,,,,,,,,,,,,,,,,,passive,REVEAL-INTR-Ab-LOC-N4-Ab-SBJ-N5.mp3,,Ab-SBJ-N5-REVEAL-INTR-Ab-LOC-N4.mp4,
24,passive,2,2,232,target,OBJ.N5 Ab SBJ.N4 PUSH-TR Ab LOC.N2,PUSH-TR Ab SBJ.N4 Ab LOC.N2 OBJ.N5,vánta zsot pif-dabi zsot pa-murak fer-timó,OBJ-SBJ-V.TR-LOC,,,,,,,,,,,,,,,,,passive,PUSH-TR-Ab-SBJ-N4-Ab-LOC-N2-OBJ-N5.mp3,,OBJ-N5-Ab-SBJ-N4-PUSH-TR-Ab-LOC-N2.mp4,
25,passive,2,2,233,target,OBJ.N5 Ab SBJ.N2 REVEAL-TR LOC.N4,OBJ.N5 Ab SBJ.N2 LOC.N4 REVEAL-TR,fer-timó zsot pif-murak pa-dabi girda,OBJ-SBJ-V.TR-LOC,,,,,,,,,,,,,,,,,passive,OBJ-N5-Ab-SBJ-N2-LOC-N4-REVEAL-TR.mp3,,OBJ-N5-Ab-SBJ-N2-REVEAL-TR-LOC-N4.mp4,
26,passive,2,2,234,target,SBJ.N5 REVEAL-INTR LOC.N3,SBJ.N5 REVEAL-INTR LOC.N3,pif-timó girda pa-zilép,SBJ-V.INTR-LOC,,,,,,,,,,,,,,,,,passive,SBJ-N5-REVEAL-INTR-LOC-N3.mp3,,SBJ-N5-REVEAL-INTR-LOC-N3.mp4,
27,passive,2,2,235,target,OBJ.N5 SBJ.N1 PUSH-TR,SBJ.N1 OBJ.N5 PUSH-TR,pif-pekli fer-timó vánta,OBJ-SBJ-V.TR,,,,,,,,,,,,,,,,,passive,SBJ-N1-OBJ-N5-PUSH-TR.mp3,,OBJ-N5-SBJ-N1-PUSH-TR.mp4,
28,passive,2,2,236,target,SBJ.N1 GO-INTR,SBJ.N1 GO-INTR,pif-pekli kávler,SBJ-V.INTR,,,,,,,,,,,,,,,,,passive,SBJ-N1-GO-INTR.mp3,,SBJ-N1-GO-INTR.mp4,
29,passive,2,2,237,target,OBJ.N5 SBJ.N1 REVEAL-TR LOC.N2,SBJ.N1 LOC.N2 REVEAL-TR OBJ.N5,pif-pekli pa-murak girda fer-timó,OBJ-SBJ-V.TR-LOC,,,,,,,,,,,,,,,,,passive,SBJ-N1-LOC-N2-REVEAL-TR-OBJ-N5.mp3,,OBJ-N5-SBJ-N1-REVEAL-TR-LOC-N2.mp4,
30,passive,2,2,238,target,Ab SBJ.N4 REVEAL-INTR Ab LOC.N5,Ab SBJ.N4 REVEAL-INTR Ab LOC.N5,zsot pif-dabi girda zsot pa-timó,SBJ-V.INTR-LOC,,,,,,,,,,,,,,,,,passive,Ab-SBJ-N4-REVEAL-INTR-Ab-LOC-N5.mp3,,Ab-SBJ-N4-REVEAL-INTR-Ab-LOC-N5.mp4,
31,passive,2,2,239,target,OBJ.N5 SBJ.N4 HIDE-TR Ab LOC.N1,Ab LOC.N1 SBJ.N4 OBJ.N5 HIDE-TR,zsot pa-pekli pif-dabi fer-timó zsübe,OBJ-SBJ-V.TR-LOC,,,,,,,,,,,,,,,,,passive,Ab-LOC-N1-SBJ-N4-OBJ-N5-HIDE-TR.mp3,,OBJ-N5-SBJ-N4-HIDE-TR-Ab-LOC-N1.mp4,
32,passive,2,2,240,target,OBJ.N5 Ab SBJ.N2 REVEAL-TR,OBJ.N5 Ab SBJ.N2 REVEAL-TR,fer-timó zsot pif-murak girda,OBJ-SBJ-V.TR,,,,,,,,,,,,,,,,,passive,OBJ-N5-Ab-SBJ-N2-REVEAL-TR.mp3,,OBJ-N5-Ab-SBJ-N2-REVEAL-TR.mp4,
33,passive,2,2,241,target,Ab SBJ.N1 HIDE-INTR,Ab SBJ.N1 HIDE-INTR,zsot pif-pekli zsübe,SBJ-V.INTR,,,,,,,,,,,,,,,,,passive,Ab-SBJ-N1-HIDE-INTR.mp3,,Ab-SBJ-N1-HIDE-INTR.mp4,
34,passive,2,2,242,target,OBJ.N5 SBJ.N4 HIDE-TR LOC.N2,OBJ.N5 HIDE-TR LOC.N2 SBJ.N4,fer-timó zsübe pa-murak pif-dabi,OBJ-SBJ-V.TR-LOC,,,,,,,,,,,,,,,,,passive,OBJ-N5-HIDE-TR-LOC-N2-SBJ-N4.mp3,,OBJ-N5-SBJ-N4-HIDE-TR-LOC-N2.mp4,
35,passive,2,2,243,target,SBJ.N4 JUMP-INTR,JUMP-INTR SBJ.N4,bonip pif-dabi,SBJ-V.INTR,,,,,,,,,,,,,,,,,passive,JUMP-INTR-SBJ-N4.mp3,,SBJ-N4-JUMP-INTR.mp4,
36,passive,2,2,244,target,OBJ.N5 SBJ.N1 PUSH-TR,SBJ.N1 OBJ.N5 PUSH-TR,pif-pekli fer-timó vánta,OBJ-SBJ-V.TR,,,,,,,,,,,,,,,,,passive,SBJ-N1-OBJ-N5-PUSH-TR.mp3,,OBJ-N5-SBJ-N1-PUSH-TR.mp4,
37,passive,2,2,245,target,Ab SBJ.N4 GO-INTR,GO-INTR Ab SBJ.N4,kávler zsot pif-dabi,SBJ-V.INTR,,,,,,,,,,,,,,,,,passive,GO-INTR-Ab-SBJ-N4.mp3,,Ab-SBJ-N4-GO-INTR.mp4,
38,passive,2,2,246,target,Ab SBJ.N2 HIDE-INTR LOC.N1,LOC.N1 Ab SBJ.N2 HIDE-INTR,pa-pekli zsot pif-murak zsübe,SBJ-V.INTR-LOC,,,,,,,,,,,,,,,,,passive,LOC-N1-Ab-SBJ-N2-HIDE-INTR.mp3,,Ab-SBJ-N2-HIDE-INTR-LOC-N1.mp4,
39,passive,2,2,247,target,Ab SBJ.N3 JUMP-INTR Ab LOC.N4,JUMP-INTR Ab SBJ.N3 Ab LOC.N4,bonip zsot pif-zilép zsot pa-dabi,SBJ-V.INTR-LOC,,,,,,,,,,,,,,,,,passive,JUMP-INTR-Ab-SBJ-N3-Ab-LOC-N4.mp3,,Ab-SBJ-N3-JUMP-INTR-Ab-LOC-N4.mp4,
40,passive,2,2,248,target,Aa SBJ.N4 GO-INTR Aa LOC.N5,GO-INTR Aa LOC.N5 Aa SBJ.N4,kávler gyék pa-timó gyék pif-dabi,SBJ-V.INTR-LOC,,,,,,,,,,,,,,,,,passive,GO-INTR-Aa-LOC-N5-Aa-SBJ-N4.mp3,,Aa-SBJ-N4-GO-INTR-Aa-LOC-N5.mp4,
41,passive,2,2,249,target,OBJ.N5 SBJ.N2 PUSH-TR Ab LOC.N4,PUSH-TR SBJ.N2 OBJ.N5 Ab LOC.N4,vánta pif-murak fer-timó zsot pa-dabi,OBJ-SBJ-V.TR-LOC,,,,,,,,,,,,,,,,,passive,PUSH-TR-SBJ-N2-OBJ-N5-Ab-LOC-N4.mp3,,OBJ-N5-SBJ-N2-PUSH-TR-Ab-LOC-N4.mp4,
42,passive,2,2,250,target,OBJ.N5 SBJ.N4 REVEAL-TR,REVEAL-TR OBJ.N5 SBJ.N4,girda fer-timó pif-dabi,OBJ-SBJ-V.TR,,,,,,,,,,,,,,,,,passive,REVEAL-TR-OBJ-N5-SBJ-N4.mp3,,OBJ-N5-SBJ-N4-REVEAL-TR.mp4,
1,comprehension,2,2,251,target,SBJ.N3 REVEAL-INTR LOC.N5,REVEAL-INTR LOC.N5 SBJ.N3,girda pa-timó pif-zilép,SBJ-V.INTR-LOC,SBJ.N3 JUMP-INTR LOC.N5,JUMP-INTR LOC.N5 SBJ.N3,SBJ-V.INTR-LOC,wrong_verb,,,,,,,,,,,,,comprehension,REVEAL-INTR-LOC-N5-SBJ-N3.mp3,,SBJ-N3-REVEAL-INTR-LOC-N5.mp4,SBJ-N3-JUMP-INTR-LOC-N5.mp4
2,comprehension,2,2,252,target,OBJ.N5 SBJ.N4 PUSH-TR LOC.N2,LOC.N2 OBJ.N5 SBJ.N4 PUSH-TR,pa-murak fer-timó pif-dabi vánta,OBJ-SBJ-V.TR-LOC,OBJ.N4 SBJ.N5 REVEAL-TR LOC.N2,SBJ.N5 REVEAL-TR LOC.N2 OBJ.N4,OBJ-SBJ-V.TR-LOC,swapped_roles_wrong_verb,,,,,,,,,,,,,comprehension,LOC-N2-OBJ-N5-SBJ-N4-PUSH-TR.mp3,,OBJ-N5-SBJ-N4-PUSH-TR-LOC-N2.mp4,OBJ-N4-SBJ-N5-REVEAL-TR-LOC-N2.mp4
3,comprehension,2,2,253,target,OBJ.N5 SBJ.N4 HIDE-TR LOC.N3,SBJ.N4 OBJ.N5 LOC.N3 HIDE-TR,pif-dabi fer-timó pa-zilép zsübe,OBJ-SBJ-V.TR-LOC,OBJ.N5 SBJ.N3 HIDE-TR LOC.N4,OBJ.N5 SBJ.N3 HIDE-TR LOC.N4,OBJ-SBJ-V.TR-LOC,swapped_roles,,,,,,,,,,,,,comprehension,SBJ-N4-OBJ-N5-LOC-N3-HIDE-TR.mp3,,OBJ-N5-SBJ-N4-HIDE-TR-LOC-N3.mp4,OBJ-N5-SBJ-N3-HIDE-TR-LOC-N4.mp4
4,comprehension,2,2,254,target,SBJ.N1 REVEAL-INTR LOC.N2,SBJ.N1 LOC.N2 REVEAL-INTR,pif-pekli pa-murak girda,SBJ-V.INTR-LOC,SBJ.N1 HIDE-INTR LOC.N2,SBJ.N1 LOC.N2 HIDE-INTR,SBJ-V.INTR-LOC,wrong_verb,,,,,,,,,,,,,comprehension,SBJ-N1-LOC-N2-REVEAL-INTR.mp3,,SBJ-N1-REVEAL-INTR-LOC-N2.mp4,SBJ-N1-HIDE-INTR-LOC-N2.mp4
5,comprehension,2,2,255,target,OBJ.N5 SBJ.N4 REVEAL-TR,REVEAL-TR OBJ.N5 SBJ.N4,girda fer-timó pif-dabi,OBJ-SBJ-V.TR,OBJ.N4 SBJ.N5 PUSH-TR,PUSH-TR OBJ.N4 SBJ.N5,OBJ-SBJ-V.TR,swapped_roles_wrong_verb,,,,,,,,,,,,,comprehension,REVEAL-TR-OBJ-N5-SBJ-N4.mp3,,OBJ-N5-SBJ-N4-REVEAL-TR.mp4,OBJ-N4-SBJ-N5-PUSH-TR.mp4
6,comprehension,2,2,256,target,SBJ.N2 GO-INTR,GO-INTR SBJ.N2,kávler pif-murak,SBJ-V.INTR,SBJ.N2 REVEAL-INTR,SBJ.N2 REVEAL-INTR,SBJ-V.INTR,wrong_verb,,,,,,,,,,,,,comprehension,GO-INTR-SBJ-N2.mp3,,SBJ-N2-GO-INTR.mp4,SBJ-N2-REVEAL-INTR.mp4
7,comprehension,2,2,257,target,SBJ.N5 JUMP-INTR,SBJ.N5 JUMP-INTR,pif-timó bonip,SBJ-V.INTR,SBJ.N5 HIDE-INTR,HIDE-INTR SBJ.N5,SBJ-V.INTR,wrong_verb,,,,,,,,,,,,,comprehension,SBJ-N5-JUMP-INTR.mp3,,SBJ-N5-JUMP-INTR.mp4,SBJ-N5-HIDE-INTR.mp4
8,comprehension,2,2,258,target,OBJ.N5 SBJ.N1 PUSH-TR LOC.N2,OBJ.N5 PUSH-TR SBJ.N1 LOC.N2,fer-timó vánta pif-pekli pa-murak,OBJ-SBJ-V.TR-LOC,OBJ.N5 SBJ.N2 PUSH-TR LOC.N1,OBJ.N5 SBJ.N2 LOC.N1 PUSH-TR,OBJ-SBJ-V.TR-LOC,swapped_roles,,,,,,,,,,,,,comprehension,OBJ-N5-PUSH-TR-SBJ-N1-LOC-N2.mp3,,OBJ-N5-SBJ-N1-PUSH-TR-LOC-N2.mp4,OBJ-N5-SBJ-N2-PUSH-TR-LOC-N1.mp4
9,comprehension,2,2,259,target,SBJ.N1 REVEAL-INTR LOC.N3,REVEAL-INTR SBJ.N1 LOC.N3,girda pif-pekli pa-zilép,SBJ-V.INTR-LOC,SBJ.N3 JUMP-INTR LOC.N1,LOC.N1 JUMP-INTR SBJ.N3,SBJ-V.INTR-LOC,swapped_roles_wrong_verb,,,,,,,,,,,,,comprehension,REVEAL-INTR-SBJ-N1-LOC-N3.mp3,,SBJ-N1-REVEAL-INTR-LOC-N3.mp4,SBJ-N3-JUMP-INTR-LOC-N1.mp4
10,comprehension,2,2,260,target,Ab OBJ.N5 SBJ.N1 REVEAL-TR,REVEAL-TR Ab OBJ.N5 SBJ.N1,girda zsot fer-timó pif-pekli,OBJ-SBJ-V.TR,Aa OBJ.N5 SBJ.N1 HIDE-TR,HIDE-TR SBJ.N1 Aa OBJ.N5,OBJ-SBJ-V.TR,wrong_verb_wrong_adjective,,,,,,,,,,,,,comprehension,REVEAL-TR-Ab-OBJ-N5-SBJ-N1.mp3,,Ab-OBJ-N5-SBJ-N1-REVEAL-TR.mp4,Aa-OBJ-N5-SBJ-N1-HIDE-TR.mp4
11,comprehension,2,2,261,target,Ab SBJ.N2 HIDE-INTR,HIDE-INTR Ab SBJ.N2,zsübe zsot pif-murak,SBJ-V.INTR,Aa SBJ.N2 HIDE-INTR,Aa SBJ.N2 HIDE-INTR,SBJ-V.INTR,wrong_adjective,,,,,,,,,,,,,comprehension,HIDE-INTR-Ab-SBJ-N2.mp3,,Ab-SBJ-N2-HIDE-INTR.mp4,Aa-SBJ-N2-HIDE-INTR.mp4
12,comprehension,2,2,262,target,OBJ.N5 SBJ.N1 HIDE-TR LOC.N2,SBJ.N1 LOC.N2 HIDE-TR OBJ.N5,pif-pekli pa-murak zsübe fer-timó,OBJ-SBJ-V.TR-LOC,OBJ.N2 SBJ.N1 HIDE-TR LOC.N5,SBJ.N1 OBJ.N2 LOC.N5 HIDE-TR,OBJ-SBJ-V.TR-LOC,swapped_roles,,,,,,,,,,,,,comprehension,SBJ-N1-LOC-N2-HIDE-TR-OBJ-N5.mp3,,OBJ-N5-SBJ-N1-HIDE-TR-LOC-N2.mp4,OBJ-N2-SBJ-N1-HIDE-TR-LOC-N5.mp4
13,comprehension,2,2,263,target,OBJ.N5 Ab SBJ.N1 HIDE-TR,OBJ.N5 HIDE-TR Ab SBJ.N1,fer-timó zsübe zsot pif-pekli,OBJ-SBJ-V.TR,Aa OBJ.N1 SBJ.N5 HIDE-TR,HIDE-TR Aa OBJ.N1 SBJ.N5,OBJ-SBJ-V.TR,wrong_adjective_swapped_roles,,,,,,,,,,,,,comprehension,OBJ-N5-HIDE-TR-Ab-SBJ-N1.mp3,,OBJ-N5-Ab-SBJ-N1-HIDE-TR.mp4,Aa-OBJ-N1-SBJ-N5-HIDE-TR.mp4
14,comprehension,2,2,264,target,OBJ.N5 Ab SBJ.N1 REVEAL-TR,Ab SBJ.N1 OBJ.N5 REVEAL-TR,zsot pif-pekli fer-timó girda,OBJ-SBJ-V.TR,OBJ.N5 Aa SBJ.N1 PUSH-TR,PUSH-TR OBJ.N5 Aa SBJ.N1,OBJ-SBJ-V.TR,wrong_verb_wrong_adjective,,,,,,,,,,,,,comprehension,Ab-SBJ-N1-OBJ-N5-REVEAL-TR.mp3,,OBJ-N5-Ab-SBJ-N1-REVEAL-TR.mp4,OBJ-N5-Aa-SBJ-N1-PUSH-TR.mp4
15,comprehension,2,2,265,target,OBJ.N5 SBJ.N4 PUSH-TR LOC.N1,LOC.N1 OBJ.N5 SBJ.N4 PUSH-TR,pa-pekli fer-timó pif-dabi vánta,OBJ-SBJ-V.TR-LOC,OBJ.N4 SBJ.N5 HIDE-TR LOC.N1,LOC.N1 SBJ.N5 HIDE-TR OBJ.N4,OBJ-SBJ-V.TR-LOC,swapped_roles_wrong_verb,,,,,,,,,,,,,comprehension,LOC-N1-OBJ-N5-SBJ-N4-PUSH-TR.mp3,,OBJ-N5-SBJ-N4-PUSH-TR-LOC-N1.mp4,OBJ-N4-SBJ-N5-HIDE-TR-LOC-N1.mp4
16,comprehension,2,2,266,target,Ab SBJ.N2 GO-INTR,Ab SBJ.N2 GO-INTR,zsot pif-murak kávler,SBJ-V.INTR,Aa SBJ.N2 GO-INTR,Aa SBJ.N2 GO-INTR,SBJ-V.INTR,wrong_adjective,,,,,,,,,,,,,comprehension,Ab-SBJ-N2-GO-INTR.mp3,,Ab-SBJ-N2-GO-INTR.mp4,Aa-SBJ-N2-GO-INTR.mp4
17,comprehension,2,2,267,target,SBJ.N5 HIDE-INTR,HIDE-INTR SBJ.N5,zsübe pif-timó,SBJ-V.INTR,SBJ.N5 REVEAL-INTR,SBJ.N5 REVEAL-INTR,SBJ-V.INTR,wrong_verb,,,,,,,,,,,,,comprehension,HIDE-INTR-SBJ-N5.mp3,,SBJ-N5-HIDE-INTR.mp4,SBJ-N5-REVEAL-INTR.mp4
18,comprehension,2,2,268,target,SBJ.N1 JUMP-INTR LOC.N3,JUMP-INTR LOC.N3 SBJ.N1,bonip pa-zilép pif-pekli,SBJ-V.INTR-LOC,SBJ.N3 JUMP-INTR LOC.N1,LOC.N1 JUMP-INTR SBJ.N3,SBJ-V.INTR-LOC,swapped_roles,,,,,,,,,,,,,comprehension,JUMP-INTR-LOC-N3-SBJ-N1.mp3,,SBJ-N1-JUMP-INTR-LOC-N3.mp4,SBJ-N3-JUMP-INTR-LOC-N1.mp4
19,comprehension,2,2,269,target,SBJ.N5 GO-INTR LOC.N2,GO-INTR LOC.N2 SBJ.N5,kávler pa-murak pif-timó,SBJ-V.INTR-LOC,SBJ.N2 HIDE-INTR LOC.N5,SBJ.N2 HIDE-INTR LOC.N5,SBJ-V.INTR-LOC,swapped_roles_wrong_verb,,,,,,,,,,,,,comprehension,GO-INTR-LOC-N2-SBJ-N5.mp3,,SBJ-N5-GO-INTR-LOC-N2.mp4,SBJ-N2-HIDE-INTR-LOC-N5.mp4
20,comprehension,2,2,270,target,SBJ.N3 HIDE-INTR LOC.N5,HIDE-INTR LOC.N5 SBJ.N3,zsübe pa-timó pif-zilép,SBJ-V.INTR-LOC,SBJ.N5 HIDE-INTR LOC.N3,SBJ.N5 HIDE-INTR LOC.N3,SBJ-V.INTR-LOC,swapped_roles,,,,,,,,,,,,,comprehension,HIDE-INTR-LOC-N5-SBJ-N3.mp3,,SBJ-N3-HIDE-INTR-LOC-N5.mp4,SBJ-N5-HIDE-INTR-LOC-N3.mp4
21,comprehension,2,2,271,target,OBJ.N5 SBJ.N3 PUSH-TR LOC.N1,PUSH-TR LOC.N1 OBJ.N5 SBJ.N3,vánta pa-pekli fer-timó pif-zilép,OBJ-SBJ-V.TR-LOC,OBJ.N5 SBJ.N3 REVEAL-TR LOC.N1,LOC.N1 REVEAL-TR SBJ.N3 OBJ.N5,OBJ-SBJ-V.TR-LOC,wrong_verb,,,,,,,,,,,,,comprehension,PUSH-TR-LOC-N1-OBJ-N5-SBJ-N3.mp3,,OBJ-N5-SBJ-N3-PUSH-TR-LOC-N1.mp4,OBJ-N5-SBJ-N3-REVEAL-TR-LOC-N1.mp4
22,comprehension,2,2,272,target,Ab OBJ.N5 SBJ.N1 REVEAL-TR,REVEAL-TR Ab OBJ.N5 SBJ.N1,girda zsot fer-timó pif-pekli,OBJ-SBJ-V.TR,OBJ.N1 Aa SBJ.N5 REVEAL-TR,OBJ.N1 REVEAL-TR Aa SBJ.N5,OBJ-SBJ-V.TR,wrong_adjective_swapped_roles,,,,,,,,,,,,,comprehension,REVEAL-TR-Ab-OBJ-N5-SBJ-N1.mp3,,Ab-OBJ-N5-SBJ-N1-REVEAL-TR.mp4,OBJ-N1-Aa-SBJ-N5-REVEAL-TR.mp4
23,comprehension,2,2,273,target,OBJ.N5 SBJ.N1 PUSH-TR Ab LOC.N3,SBJ.N1 OBJ.N5 Ab LOC.N3 PUSH-TR,pif-pekli fer-timó zsot pa-zilép vánta,OBJ-SBJ-V.TR-LOC,OBJ.N5 SBJ.N1 REVEAL-TR Aa LOC.N3,OBJ.N5 SBJ.N1 Aa LOC.N3 REVEAL-TR,OBJ-SBJ-V.TR-LOC,wrong_verb_wrong_adjective,,,,,,,,,,,,,comprehension,SBJ-N1-OBJ-N5-Ab-LOC-N3-PUSH-TR.mp3,,OBJ-N5-SBJ-N1-PUSH-TR-Ab-LOC-N3.mp4,OBJ-N5-SBJ-N1-REVEAL-TR-Aa-LOC-N3.mp4
24,comprehension,2,2,274,target,Ab SBJ.N2 REVEAL-INTR Ab LOC.N4,Ab SBJ.N2 Ab LOC.N4 REVEAL-INTR,zsot pif-murak zsot pa-dabi girda,SBJ-V.INTR-LOC,Ab SBJ.N4 REVEAL-INTR Aa LOC.N2,REVEAL-INTR Aa LOC.N2 Ab SBJ.N4,SBJ-V.INTR-LOC,wrong_adjective_swapped_roles,,,,,,,,,,,,,comprehension,Ab-SBJ-N2-Ab-LOC-N4-REVEAL-INTR.mp3,,Ab-SBJ-N2-REVEAL-INTR-Ab-LOC-N4.mp4,Ab-SBJ-N4-REVEAL-INTR-Aa-LOC-N2.mp4
25,comprehension,2,2,275,target,OBJ.N5 Ab SBJ.N1 REVEAL-TR Ab LOC.N3,OBJ.N5 Ab LOC.N3 REVEAL-TR Ab SBJ.N1,fer-timó zsot pa-zilép girda zsot pif-pekli,OBJ-SBJ-V.TR-LOC,OBJ.N5 Ab SBJ.N1 REVEAL-TR Aa LOC.N3,Aa LOC.N3 Ab SBJ.N1 OBJ.N5 REVEAL-TR,OBJ-SBJ-V.TR-LOC,wrong_adjective,,,,,,,,,,,,,comprehension,OBJ-N5-Ab-LOC-N3-REVEAL-TR-Ab-SBJ-N1.mp3,,OBJ-N5-Ab-SBJ-N1-REVEAL-TR-Ab-LOC-N3.mp4,OBJ-N5-Ab-SBJ-N1-REVEAL-TR-Aa-LOC-N3.mp4
26,comprehension,2,2,276,target,Ab SBJ.N4 REVEAL-INTR LOC.N3,REVEAL-INTR LOC.N3 Ab SBJ.N4,girda pa-zilép zsot pif-dabi,SBJ-V.INTR-LOC,Aa SBJ.N4 JUMP-INTR LOC.N3,Aa SBJ.N4 JUMP-INTR LOC.N3,SBJ-V.INTR-LOC,wrong_verb_wrong_adjective,,,,,,,,,,,,,comprehension,REVEAL-INTR-LOC-N3-Ab-SBJ-N4.mp3,,Ab-SBJ-N4-REVEAL-INTR-LOC-N3.mp4,Aa-SBJ-N4-JUMP-INTR-LOC-N3.mp4
27,comprehension,2,2,277,target,Ab SBJ.N5 REVEAL-INTR Ab LOC.N4,REVEAL-INTR Ab LOC.N4 Ab SBJ.N5,girda zsot pa-dabi zsot pif-timó,SBJ-V.INTR-LOC,Ab SBJ.N4 REVEAL-INTR Aa LOC.N5,Ab SBJ.N4 REVEAL-INTR Aa LOC.N5,SBJ-V.INTR-LOC,wrong_adjective_swapped_roles,,,,,,,,,,,,,comprehension,REVEAL-INTR-Ab-LOC-N4-Ab-SBJ-N5.mp3,,Ab-SBJ-N5-REVEAL-INTR-Ab-LOC-N4.mp4,Ab-SBJ-N4-REVEAL-INTR-Aa-LOC-N5.mp4
28,comprehension,2,2,278,target,Ab OBJ.N5 SBJ.N3 PUSH-TR,Ab OBJ.N5 SBJ.N3 PUSH-TR,zsot fer-timó pif-zilép vánta,OBJ-SBJ-V.TR,Aa OBJ.N5 SBJ.N3 PUSH-TR,Aa OBJ.N5 SBJ.N3 PUSH-TR,OBJ-SBJ-V.TR,wrong_adjective,,,,,,,,,,,,,comprehension,Ab-OBJ-N5-SBJ-N3-PUSH-TR.mp3,,Ab-OBJ-N5-SBJ-N3-PUSH-TR.mp4,Aa-OBJ-N5-SBJ-N3-PUSH-TR.mp4
29,comprehension,2,2,279,target,Ab SBJ.N4 JUMP-INTR,Ab SBJ.N4 JUMP-INTR,zsot pif-dabi bonip,SBJ-V.INTR,Aa SBJ.N4 GO-INTR,Aa SBJ.N4 GO-INTR,SBJ-V.INTR,wrong_verb_wrong_adjective,,,,,,,,,,,,,comprehension,Ab-SBJ-N4-JUMP-INTR.mp3,,Ab-SBJ-N4-JUMP-INTR.mp4,Aa-SBJ-N4-GO-INTR.mp4
30,comprehension,2,2,280,target,Ab OBJ.N5 SBJ.N4 HIDE-TR LOC.N3,HIDE-TR LOC.N3 SBJ.N4 Ab OBJ.N5,zsübe pa-zilép pif-dabi zsot fer-timó,OBJ-SBJ-V.TR-LOC,OBJ.N3 SBJ.N4 HIDE-TR Aa LOC.N5,SBJ.N4 Aa LOC.N5 OBJ.N3 HIDE-TR,OBJ-SBJ-V.TR-LOC,wrong_adjective_swapped_roles,,,,,,,,,,,,,comprehension,HIDE-TR-LOC-N3-SBJ-N4-Ab-OBJ-N5.mp3,,Ab-OBJ-N5-SBJ-N4-HIDE-TR-LOC-N3.mp4,OBJ-N3-SBJ-N4-HIDE-TR-Aa-LOC-N5.mp4
31,comprehension,2,2,281,target,Ab OBJ.N5 SBJ.N4 REVEAL-TR,REVEAL-TR SBJ.N4 Ab OBJ.N5,girda pif-dabi zsot fer-timó,OBJ-SBJ-V.TR,Aa OBJ.N5 SBJ.N4 REVEAL-TR,Aa OBJ.N5 REVEAL-TR SBJ.N4,OBJ-SBJ-V.TR,wrong_adjective,,,,,,,,,,,,,comprehension,REVEAL-TR-SBJ-N4-Ab-OBJ-N5.mp3,,Ab-OBJ-N5-SBJ-N4-REVEAL-TR.mp4,Aa-OBJ-N5-SBJ-N4-REVEAL-TR.mp4
32,comprehension,2,2,282,target,Ab OBJ.N5 Ab SBJ.N2 HIDE-TR LOC.N4,HIDE-TR Ab OBJ.N5 Ab SBJ.N2 LOC.N4,zsübe zsot fer-timó zsot pif-murak pa-dabi,OBJ-SBJ-V.TR-LOC,Ab OBJ.N5 Aa SBJ.N2 REVEAL-TR LOC.N4,Ab OBJ.N5 Aa SBJ.N2 LOC.N4 REVEAL-TR,OBJ-SBJ-V.TR-LOC,wrong_verb_wrong_adjective,,,,,,,,,,,,,comprehension,HIDE-TR-Ab-OBJ-N5-Ab-SBJ-N2-LOC-N4.mp3,,Ab-OBJ-N5-Ab-SBJ-N2-HIDE-TR-LOC-N4.mp4,Ab-OBJ-N5-Aa-SBJ-N2-REVEAL-TR-LOC-N4.mp4
33,comprehension,2,2,283,target,Ab SBJ.N4 GO-INTR,GO-INTR Ab SBJ.N4,kávler zsot pif-dabi,SBJ-V.INTR,Aa SBJ.N4 GO-INTR,Aa SBJ.N4 GO-INTR,SBJ-V.INTR,wrong_adjective,,,,,,,,,,,,,comprehension,GO-INTR-Ab-SBJ-N4.mp3,,Ab-SBJ-N4-GO-INTR.mp4,Aa-SBJ-N4-GO-INTR.mp4
34,comprehension,2,2,284,target,Ab OBJ.N5 Ab SBJ.N1 PUSH-TR,Ab SBJ.N1 Ab OBJ.N5 PUSH-TR,zsot pif-pekli zsot fer-timó vánta,OBJ-SBJ-V.TR,Ab OBJ.N1 Aa SBJ.N5 PUSH-TR,Aa SBJ.N5 PUSH-TR Ab OBJ.N1,OBJ-SBJ-V.TR,wrong_adjective_swapped_roles,,,,,,,,,,,,,comprehension,Ab-SBJ-N1-Ab-OBJ-N5-PUSH-TR.mp3,,Ab-OBJ-N5-Ab-SBJ-N1-PUSH-TR.mp4,Ab-OBJ-N1-Aa-SBJ-N5-PUSH-TR.mp4
35,comprehension,2,2,285,target,Ab SBJ.N5 HIDE-INTR,HIDE-INTR Ab SBJ.N5,zsübe zsot pif-timó,SBJ-V.INTR,Aa SBJ.N5 REVEAL-INTR,Aa SBJ.N5 REVEAL-INTR,SBJ-V.INTR,wrong_verb_wrong_adjective,,,,,,,,,,,,,comprehension,HIDE-INTR-Ab-SBJ-N5.mp3,,Ab-SBJ-N5-HIDE-INTR.mp4,Aa-SBJ-N5-REVEAL-INTR.mp4
36,comprehension,2,2,286,target,Ab OBJ.N5 SBJ.N2 REVEAL-TR Ab LOC.N3,Ab LOC.N3 REVEAL-TR SBJ.N2 Ab OBJ.N5,zsot pa-zilép girda pif-murak zsot fer-timó,OBJ-SBJ-V.TR-LOC,Ab OBJ.N3 SBJ.N2 HIDE-TR Ab LOC.N5,Ab LOC.N5 SBJ.N2 HIDE-TR Ab OBJ.N3,OBJ-SBJ-V.TR-LOC,swapped_roles_wrong_verb,,,,,,,,,,,,,comprehension,Ab-LOC-N3-REVEAL-TR-SBJ-N2-Ab-OBJ-N5.mp3,,Ab-OBJ-N5-SBJ-N2-REVEAL-TR-Ab-LOC-N3.mp4,Ab-OBJ-N3-SBJ-N2-HIDE-TR-Ab-LOC-N5.mp4
37,comprehension,2,2,287,target,Ab SBJ.N5 HIDE-INTR,HIDE-INTR Ab SBJ.N5,zsübe zsot pif-timó,SBJ-V.INTR,Ab SBJ.N5 GO-INTR,GO-INTR Ab SBJ.N5,SBJ-V.INTR,wrong_verb,,,,,,,,,,,,,comprehension,HIDE-INTR-Ab-SBJ-N5.mp3,,Ab-SBJ-N5-HIDE-INTR.mp4,Ab-SBJ-N5-GO-INTR.mp4
38,comprehension,2,2,288,target,Ab SBJ.N4 JUMP-INTR LOC.N3,Ab SBJ.N4 LOC.N3 JUMP-INTR,zsot pif-dabi pa-zilép bonip,SBJ-V.INTR-LOC,SBJ.N3 JUMP-INTR Ab LOC.N4,JUMP-INTR SBJ.N3 Ab LOC.N4,SBJ-V.INTR-LOC,swapped_roles,,,,,,,,,,,,,comprehension,Ab-SBJ-N4-LOC-N3-JUMP-INTR.mp3,,Ab-SBJ-N4-JUMP-INTR-LOC-N3.mp4,SBJ-N3-JUMP-INTR-Ab-LOC-N4.mp4
39,comprehension,2,2,289,target,Ab SBJ.N4 GO-INTR Ab LOC.N3,Ab LOC.N3 GO-INTR Ab SBJ.N4,zsot pa-zilép kávler zsot pif-dabi,SBJ-V.INTR-LOC,Ab SBJ.N3 GO-INTR Aa LOC.N4,GO-INTR Ab SBJ.N3 Aa LOC.N4,SBJ-V.INTR-LOC,wrong_adjective_swapped_roles,,,,,,,,,,,,,comprehension,Ab-LOC-N3-GO-INTR-Ab-SBJ-N4.mp3,,Ab-SBJ-N4-GO-INTR-Ab-LOC-N3.mp4,Ab-SBJ-N3-GO-INTR-Aa-LOC-N4.mp4
40,comprehension,2,2,290,target,Ab SBJ.N2 HIDE-INTR Aa LOC.N1,HIDE-INTR Aa LOC.N1 Ab SBJ.N2,zsübe gyék pa-pekli zsot pif-murak,SBJ-V.INTR-LOC,Ab SBJ.N2 HIDE-INTR Ab LOC.N1,Ab SBJ.N2 HIDE-INTR Ab LOC.N1,SBJ-V.INTR-LOC,wrong_adjective,,,,,,,,,,,,,comprehension,HIDE-INTR-Aa-LOC-N1-Ab-SBJ-N2.mp3,,Ab-SBJ-N2-HIDE-INTR-Aa-LOC-N1.mp4,Ab-SBJ-N2-HIDE-INTR-Ab-LOC-N1.mp4
41,comprehension,2,2,291,target,Ab OBJ.N5 SBJ.N1 PUSH-TR LOC.N4,SBJ.N1 LOC.N4 PUSH-TR Ab OBJ.N5,pif-pekli pa-dabi vánta zsot fer-timó,OBJ-SBJ-V.TR-LOC,OBJ.N1 Ab SBJ.N5 HIDE-TR LOC.N4,LOC.N4 HIDE-TR OBJ.N1 Ab SBJ.N5,OBJ-SBJ-V.TR-LOC,swapped_roles_wrong_verb,,,,,,,,,,,,,comprehension,SBJ-N1-LOC-N4-PUSH-TR-Ab-OBJ-N5.mp3,,Ab-OBJ-N5-SBJ-N1-PUSH-TR-LOC-N4.mp4,OBJ-N1-Ab-SBJ-N5-HIDE-TR-LOC-N4.mp4
42,comprehension,2,2,292,target,Ab OBJ.N5 Ab SBJ.N3 PUSH-TR,PUSH-TR Ab OBJ.N5 Ab SBJ.N3,vánta zsot fer-timó zsot pif-zilép,OBJ-SBJ-V.TR,Ab OBJ.N3 Ab SBJ.N5 PUSH-TR,PUSH-TR Ab OBJ.N3 Ab SBJ.N5,OBJ-SBJ-V.TR,swapped_roles,,,,,,,,,,,,,comprehension,PUSH-TR-Ab-OBJ-N5-Ab-SBJ-N3.mp3,,Ab-OBJ-N5-Ab-SBJ-N3-PUSH-TR.mp4,Ab-OBJ-N3-Ab-SBJ-N5-PUSH-TR.mp4
1,production,2,2,293,target,SBJ.N4 REVEAL-INTR LOC.N5,REVEAL-INTR SBJ.N4 LOC.N5,girda pif-dabi pa-timó,SBJ-V.INTR-LOC,,,,,,,,,,,REVEAL|SBJ.|N4|LOC.|N5,girda|pif|dabi|pa|timó,HIDE|Aa,N5|REVEAL|LOC.|Aa|HIDE|SBJ.|N4,timó|girda|pa|gyék|zsübe|pif|dabi,,production,,,SBJ-N4-REVEAL-INTR-LOC-N5.mp4,
2,production,2,2,294,target,OBJ.N5 SBJ.N4 HIDE-TR LOC.N3,SBJ.N4 OBJ.N5 LOC.N3 HIDE-TR,pif-dabi fer-timó pa-zilép zsübe,OBJ-SBJ-V.TR-LOC,,,,,,,,,,,SBJ.|N4|OBJ.|N5|LOC.|N3|HIDE,pif|dabi|fer|timó|pa|zilép|zsübe,REVEAL|JUMP,REVEAL|N4|SBJ.|N3|HIDE|OBJ.|LOC.|JUMP|N5,girda|dabi|pif|zilép|zsübe|fer|pa|bonip|timó,,production,,,OBJ-N5-SBJ-N4-HIDE-TR-LOC-N3.mp4,
3,production,2,2,295,target,SBJ.N3 REVEAL-INTR LOC.N4,SBJ.N3 REVEAL-INTR LOC.N4,pif-zilép girda pa-dabi,SBJ-V.INTR-LOC,,,,,,,,,,,SBJ.|N3|REVEAL|LOC.|N4,pif|zilép|girda|pa|dabi,GO|Ab,SBJ.|GO|N3|Ab|LOC.|N4|REVEAL,pif|kávler|zilép|zsot|pa|dabi|girda,,production,,,SBJ-N3-REVEAL-INTR-LOC-N4.mp4,
4,production,2,2,296,target,OBJ.N5 SBJ.N1 REVEAL-TR LOC.N4,LOC.N4 OBJ.N5 SBJ.N1 REVEAL-TR,pa-dabi fer-timó pif-pekli girda,OBJ-SBJ-V.TR-LOC,,,,,,,,,,,LOC.|N4|OBJ.|N5|SBJ.|N1|REVEAL,pa|dabi|fer|timó|pif|pekli|girda,PUSH|Aa,Aa|N4|OBJ.|N5|REVEAL|PUSH|LOC.|SBJ.|N1,gyék|dabi|fer|timó|girda|vánta|pa|pif|pekli,,production,,,OBJ-N5-SBJ-N1-REVEAL-TR-LOC-N4.mp4,
5,production,2,2,297,target,SBJ.N3 JUMP-INTR,JUMP-INTR SBJ.N3,bonip pif-zilép,SBJ-V.INTR,,,,,,,,,,,JUMP|SBJ.|N3,bonip|pif|zilép,N1|N4,N1|SBJ.|N3|N4|JUMP,pekli|pif|zilép|dabi|bonip,,production,,,SBJ-N3-JUMP-INTR.mp4,
6,production,2,2,298,target,OBJ.N5 Ab SBJ.N3 PUSH-TR,Ab SBJ.N3 OBJ.N5 PUSH-TR,zsot pif-zilép fer-timó vánta,OBJ-SBJ-V.TR,,,,,,,,,,,Ab|SBJ.|N3|OBJ.|N5|PUSH,zsot|pif|zilép|fer|timó|vánta,JUMP|HIDE,Ab|N3|PUSH|N5|HIDE|SBJ.|OBJ.|JUMP,zsot|zilép|vánta|timó|zsübe|pif|fer|bonip,,production,,,OBJ-N5-Ab-SBJ-N3-PUSH-TR.mp4,
7,production,2,2,299,target,Ab SBJ.N4 HIDE-INTR,HIDE-INTR Ab SBJ.N4,zsübe zsot pif-dabi,SBJ-V.INTR,,,,,,,,,,,HIDE|Ab|SBJ.|N4,zsübe|zsot|pif|dabi,N2|N1,N4|Ab|HIDE|N1|N2|SBJ.,dabi|zsot|zsübe|pekli|murak|pif,,production,,,Ab-SBJ-N4-HIDE-INTR.mp4,
8,production,2,2,300,target,SBJ.N2 REVEAL-INTR LOC.N3,LOC.N3 REVEAL-INTR SBJ.N2,pa-zilép girda pif-murak,SBJ-V.INTR-LOC,,,,,,,,,,,LOC.|N3|REVEAL|SBJ.|N2,pa|zilép|girda|pif|murak,N1|PUSH,LOC.|N3|REVEAL|PUSH|SBJ.|N1|N2,pa|zilép|girda|vánta|pif|pekli|murak,,production,,,SBJ-N2-REVEAL-INTR-LOC-N3.mp4,
9,production,2,2,301,target,OBJ.N5 SBJ.N3 PUSH-TR,SBJ.N3 OBJ.N5 PUSH-TR,pif-zilép fer-timó vánta,OBJ-SBJ-V.TR,,,,,,,,,,,SBJ.|N3|OBJ.|N5|PUSH,pif|zilép|fer|timó|vánta,REVEAL|LOC,N3|LOC.|SBJ.|OBJ.|REVEAL|N5|PUSH,zilép|pa|pif|fer|girda|timó|vánta,,production,,,OBJ-N5-SBJ-N3-PUSH-TR.mp4,
10,production,2,2,302,target,OBJ.N5 SBJ.N1 HIDE-TR LOC.N4,HIDE-TR SBJ.N1 LOC.N4 OBJ.N5,zsübe pif-pekli pa-dabi fer-timó,OBJ-SBJ-V.TR-LOC,,,,,,,,,,,HIDE|SBJ.|N1|LOC.|N4|OBJ.|N5,zsübe|pif|pekli|pa|dabi|fer|timó,N3|Aa,N4|Aa|N5|N1|OBJ.|HIDE|SBJ.|LOC.|N3,dabi|gyék|timó|pekli|fer|zsübe|pif|pa|zilép,,production,,,OBJ-N5-SBJ-N1-HIDE-TR-LOC-N4.mp4,
11,production,2,2,303,target,OBJ.N5 SBJ.N2 REVEAL-TR LOC.N1,OBJ.N5 LOC.N1 SBJ.N2 REVEAL-TR,fer-timó pa-pekli pif-murak girda,OBJ-SBJ-V.TR-LOC,,,,,,,,,,,OBJ.|N5|LOC.|N1|SBJ.|N2|REVEAL,fer|timó|pa|pekli|pif|murak|girda,Ab|PUSH,LOC.|Ab|N2|REVEAL|SBJ.|PUSH|OBJ.|N5|N1,pa|zsot|murak|girda|pif|vánta|fer|timó|pekli,,production,,,OBJ-N5-SBJ-N2-REVEAL-TR-LOC-N1.mp4,
12,production,2,2,304,target,Ab OBJ.N5 SBJ.N1 PUSH-TR,Ab OBJ.N5 PUSH-TR SBJ.N1,zsot fer-timó vánta pif-pekli,OBJ-SBJ-V.TR,,,,,,,,,,,Ab|OBJ.|N5|PUSH|SBJ.|N1,zsot|fer|timó|vánta|pif|pekli,N2|Aa,N5|OBJ.|PUSH|Aa|N1|SBJ.|Ab|N2,timó|fer|vánta|gyék|pekli|pif|zsot|murak,,production,,,Ab-OBJ-N5-SBJ-N1-PUSH-TR.mp4,
13,production,2,2,305,target,SBJ.N2 JUMP-INTR,SBJ.N2 JUMP-INTR,pif-murak bonip,SBJ-V.INTR,,,,,,,,,,,SBJ.|N2|JUMP,pif|murak|bonip,LOC|REVEAL,SBJ.|LOC.|JUMP|N2|REVEAL,pif|pa|bonip|murak|girda,,production,,,SBJ-N2-JUMP-INTR.mp4,
14,production,2,2,306,target,Ab SBJ.N1 GO-INTR,GO-INTR Ab SBJ.N1,kávler zsot pif-pekli,SBJ-V.INTR,,,,,,,,,,,GO|Ab|SBJ.|N1,kávler|zsot|pif|pekli,N5|Aa,GO|SBJ.|N1|Aa|N5|Ab,kávler|pif|pekli|gyék|timó|zsot,,production,,,Ab-SBJ-N1-GO-INTR.mp4,
15,production,2,2,307,target,OBJ.N5 Ab SBJ.N3 HIDE-TR,OBJ.N5 HIDE-TR Ab SBJ.N3,fer-timó zsübe zsot pif-zilép,OBJ-SBJ-V.TR,,,,,,,,,,,OBJ.|N5|HIDE|Ab|SBJ.|N3,fer|timó|zsübe|zsot|pif|zilép,N1|REVEAL,N1|REVEAL|HIDE|Ab|N5|OBJ.|N3|SBJ.,pekli|girda|zsübe|zsot|timó|fer|zilép|pif,,production,,,OBJ-N5-Ab-SBJ-N3-HIDE-TR.mp4,
16,production,2,2,308,target,OBJ.N5 SBJ.N2 REVEAL-TR LOC.N4,LOC.N4 SBJ.N2 OBJ.N5 REVEAL-TR,pa-dabi pif-murak fer-timó girda,OBJ-SBJ-V.TR-LOC,,,,,,,,,,,LOC.|N4|SBJ.|N2|OBJ.|N5|REVEAL,pa|dabi|pif|murak|fer|timó|girda,Ab|N3,N5|N2|Ab|N3|REVEAL|SBJ.|LOC.|N4|OBJ.,timó|murak|zsot|zilép|girda|pif|pa|dabi|fer,,production,,,OBJ-N5-SBJ-N2-REVEAL-TR-LOC-N4.mp4,
17,production,2,2,309,target,Ab SBJ.N5 JUMP-INTR,Ab SBJ.N5 JUMP-INTR,zsot pif-timó bonip,SBJ-V.INTR,,,,,,,,,,,Ab|SBJ.|N5|JUMP,zsot|pif|timó|bonip,HIDE|N1,N5|HIDE|N1|SBJ.|Ab|JUMP,timó|zsübe|pekli|pif|zsot|bonip,,production,,,Ab-SBJ-N5-JUMP-INTR.mp4,
18,production,2,2,310,target,SBJ.N3 HIDE-INTR LOC.N5,HIDE-INTR LOC.N5 SBJ.N3,zsübe pa-timó pif-zilép,SBJ-V.INTR-LOC,,,,,,,,,,,HIDE|LOC.|N5|SBJ.|N3,zsübe|pa|timó|pif|zilép,GO|REVEAL,N3|N5|REVEAL|HIDE|GO|LOC.|SBJ.,zilép|timó|girda|zsübe|kávler|pa|pif,,production,,,SBJ-N3-HIDE-INTR-LOC-N5.mp4,
19,production,2,2,311,target,SBJ.N3 GO-INTR LOC.N4,LOC.N4 GO-INTR SBJ.N3,pa-dabi kávler pif-zilép,SBJ-V.INTR-LOC,,,,,,,,,,,LOC.|N4|GO|SBJ.|N3,pa|dabi|kávler|pif|zilép,Ab|N2,SBJ.|N2|N3|LOC.|GO|Ab|N4,pif|murak|zilép|pa|kávler|zsot|dabi,,production,,,SBJ-N3-GO-INTR-LOC-N4.mp4,
20,production,2,2,312,target,SBJ.N4 JUMP-INTR LOC.N3,JUMP-INTR LOC.N3 SBJ.N4,bonip pa-zilép pif-dabi,SBJ-V.INTR-LOC,,,,,,,,,,,JUMP|LOC.|N3|SBJ.|N4,bonip|pa|zilép|pif|dabi,HIDE|Aa,Aa|SBJ.|JUMP|N3|LOC.|N4|HIDE,gyék|pif|bonip|zilép|pa|dabi|zsübe,,production,,,SBJ-N4-JUMP-INTR-LOC-N3.mp4,
21,production,2,2,313,target,OBJ.N5 SBJ.N1 PUSH-TR LOC.N3,SBJ.N1 LOC.N3 PUSH-TR OBJ.N5,pif-pekli pa-zilép vánta fer-timó,OBJ-SBJ-V.TR-LOC,,,,,,,,,,,SBJ.|N1|LOC.|N3|PUSH|OBJ.|N5,pif|pekli|pa|zilép|vánta|fer|timó,Ab|N2,N2|SBJ.|LOC.|N1|N3|Ab|N5|PUSH|OBJ.,murak|pif|pa|pekli|zilép|zsot|timó|vánta|fer,,production,,,OBJ-N5-SBJ-N1-PUSH-TR-LOC-N3.mp4,
22,production,2,2,314,target,OBJ.N5 Ab SBJ.N1 REVEAL-TR,Ab SBJ.N1 OBJ.N5 REVEAL-TR,zsot pif-pekli fer-timó girda,OBJ-SBJ-V.TR,,,,,,,,,,,Ab|SBJ.|N1|OBJ.|N5|REVEAL,zsot|pif|pekli|fer|timó|girda,PUSH|Aa,SBJ.|Aa|PUSH|OBJ.|N5|Ab|N1|REVEAL,pif|gyék|vánta|fer|timó|zsot|pekli|girda,,production,,,OBJ-N5-Ab-SBJ-N1-REVEAL-TR.mp4,
23,production,2,2,315,target,Ab OBJ.N5 Ab SBJ.N1 REVEAL-TR LOC.N2,Ab SBJ.N1 REVEAL-TR Ab OBJ.N5 LOC.N2,zsot pif-pekli girda zsot fer-timó pa-murak,OBJ-SBJ-V.TR-LOC,,,,,,,,,,,Ab|SBJ.|N1|REVEAL|Ab|OBJ.|N5|LOC.|N2,zsot|pif|pekli|girda|zsot|fer|timó|pa|murak,N3|Aa,N1|N3|N2|N5|OBJ.|Ab|Aa|REVEAL|Ab|SBJ.|LOC.,pekli|zilép|murak|timó|fer|zsot|gyék|girda|zsot|pif|pa,,production,,,Ab-OBJ-N5-Ab-SBJ-N1-REVEAL-TR-LOC-N2.mp4,
24,production,2,2,316,target,SBJ.N1 REVEAL-INTR LOC.N5,REVEAL-INTR SBJ.N1 LOC.N5,girda pif-pekli pa-timó,SBJ-V.INTR-LOC,,,,,,,,,,,REVEAL|SBJ.|N1|LOC.|N5,girda|pif|pekli|pa|timó,GO|N2,REVEAL|SBJ.|LOC.|GO|N2|N5|N1,girda|pif|pa|kávler|murak|timó|pekli,,production,,,SBJ-N1-REVEAL-INTR-LOC-N5.mp4,
25,production,2,2,317,target,OBJ.N5 SBJ.N1 HIDE-TR Ab LOC.N4,Ab LOC.N4 SBJ.N1 OBJ.N5 HIDE-TR,zsot pa-dabi pif-pekli fer-timó zsübe,OBJ-SBJ-V.TR-LOC,,,,,,,,,,,Ab|LOC.|N4|SBJ.|N1|OBJ.|N5|HIDE,zsot|pa|dabi|pif|pekli|fer|timó|zsübe,N3|GO,N1|HIDE|N4|LOC.|N3|GO|N5|OBJ.|Ab|SBJ.,pekli|zsübe|dabi|pa|zilép|kávler|timó|fer|zsot|pif,,production,,,OBJ-N5-SBJ-N1-HIDE-TR-Ab-LOC-N4.mp4,
26,production,2,2,318,target,Ab SBJ.N1 REVEAL-INTR LOC.N5,LOC.N5 Ab SBJ.N1 REVEAL-INTR,pa-timó zsot pif-pekli girda,SBJ-V.INTR-LOC,,,,,,,,,,,LOC.|N5|Ab|SBJ.|N1|REVEAL,pa|timó|zsot|pif|pekli|girda,N4|PUSH,REVEAL|N1|SBJ.|LOC.|Ab|N4|PUSH|N5,girda|pekli|pif|pa|zsot|dabi|vánta|timó,,production,,,Ab-SBJ-N1-REVEAL-INTR-LOC-N5.mp4,
27,production,2,2,319,target,OBJ.N5 Ab SBJ.N4 REVEAL-TR Ab LOC.N1,REVEAL-TR OBJ.N5 Ab LOC.N1 Ab SBJ.N4,girda fer-timó zsot pa-pekli zsot pif-dabi,OBJ-SBJ-V.TR-LOC,,,,,,,,,,,REVEAL|OBJ.|N5|Ab|LOC.|N1|Ab|SBJ.|N4,girda|fer|timó|zsot|pa|pekli|zsot|pif|dabi,Aa|PUSH,N5|N1|N4|OBJ.|Ab|Ab|LOC.|SBJ.|PUSH|Aa|REVEAL,timó|pekli|dabi|fer|zsot|zsot|pa|pif|vánta|gyék|girda,,production,,,OBJ-N5-Ab-SBJ-N4-REVEAL-TR-Ab-LOC-N1.mp4,
28,production,2,2,320,target,Ab SBJ.N2 REVEAL-INTR LOC.N3,REVEAL-INTR Ab SBJ.N2 LOC.N3,girda zsot pif-murak pa-zilép,SBJ-V.INTR-LOC,,,,,,,,,,,REVEAL|Ab|SBJ.|N2|LOC.|N3,girda|zsot|pif|murak|pa|zilép,OBJ|N5,N5|LOC.|N3|REVEAL|SBJ.|Ab|OBJ.|N2,timó|pa|zilép|girda|pif|zsot|fer|murak,,production,,,Ab-SBJ-N2-REVEAL-INTR-LOC-N3.mp4,
29,production,2,2,321,target,OBJ.N5 SBJ.N1 PUSH-TR,SBJ.N1 OBJ.N5 PUSH-TR,pif-pekli fer-timó vánta,OBJ-SBJ-V.TR,,,,,,,,,,,SBJ.|N1|OBJ.|N5|PUSH,pif|pekli|fer|timó|vánta,HIDE|N2,PUSH|SBJ.|N1|N5|HIDE|N2|OBJ.,vánta|pif|pekli|timó|zsübe|murak|fer,,production,,,OBJ-N5-SBJ-N1-PUSH-TR.mp4,
30,production,2,2,322,target,SBJ.N2 GO-INTR,GO-INTR SBJ.N2,kávler pif-murak,SBJ-V.INTR,,,,,,,,,,,GO|SBJ.|N2,kávler|pif|murak,Ab|N1,N2|Ab|N1|GO|SBJ.,murak|zsot|pekli|kávler|pif,,production,,,SBJ-N2-GO-INTR.mp4,
31,production,2,2,323,target,OBJ.N5 SBJ.N3 HIDE-TR LOC.N1,SBJ.N3 OBJ.N5 HIDE-TR LOC.N1,pif-zilép fer-timó zsübe pa-pekli,OBJ-SBJ-V.TR-LOC,,,,,,,,,,,SBJ.|N3|OBJ.|N5|HIDE|LOC.|N1,pif|zilép|fer|timó|zsübe|pa|pekli,JUMP|N4,LOC.|HIDE|N3|OBJ.|N5|N1|SBJ.|JUMP|N4,pa|zsübe|zilép|fer|timó|pekli|pif|bonip|dabi,,production,,,OBJ-N5-SBJ-N3-HIDE-TR-LOC-N1.mp4,
32,production,2,2,324,target,Ab OBJ.N5 Aa SBJ.N5 REVEAL-TR,Aa SBJ.N5 REVEAL-TR Ab OBJ.N5,gyék pif-timó girda zsot fer-timó,OBJ-SBJ-V.TR,,,,,,,,,,,Aa|SBJ.|N5|REVEAL|Ab|OBJ.|N5,gyék|pif|timó|girda|zsot|fer|timó,PUSH|N4,PUSH|N4|Aa|OBJ.|N5|REVEAL|SBJ.|Ab|N5,vánta|dabi|gyék|fer|timó|girda|pif|zsot|timó,,production,,,Ab-OBJ-N5-Aa-SBJ-N5-REVEAL-TR.mp4,
33,production,2,2,325,target,Ab SBJ.N1 HIDE-INTR,Ab SBJ.N1 HIDE-INTR,zsot pif-pekli zsübe,SBJ-V.INTR,,,,,,,,,,,Ab|SBJ.|N1|HIDE,zsot|pif|pekli|zsübe,N3|N4,N4|N3|Ab|HIDE|SBJ.|N1,dabi|zilép|zsot|zsübe|pif|pekli,,production,,,Ab-SBJ-N1-HIDE-INTR.mp4,
34,production,2,2,326,target,OBJ.N5 SBJ.N4 PUSH-TR,SBJ.N4 OBJ.N5 PUSH-TR,pif-dabi fer-timó vánta,OBJ-SBJ-V.TR,,,,,,,,,,,SBJ.|N4|OBJ.|N5|PUSH,pif|dabi|fer|timó|vánta,Aa|N3,Aa|N5|OBJ.|PUSH|N3|N4|SBJ.,gyék|timó|fer|vánta|zilép|dabi|pif,,production,,,OBJ-N5-SBJ-N4-PUSH-TR.mp4,
35,production,2,2,327,target,Ab OBJ.N5 Ab SBJ.N3 HIDE-TR Ab LOC.N1,Ab LOC.N1 Ab OBJ.N5 HIDE-TR Ab SBJ.N3,zsot pa-pekli zsot fer-timó zsübe zsot pif-zilép,OBJ-SBJ-V.TR-LOC,,,,,,,,,,,Ab|LOC.|N1|Ab|OBJ.|N5|HIDE|Ab|SBJ.|N3,zsot|pa|pekli|zsot|fer|timó|zsübe|zsot|pif|zilép,PUSH|N2,Ab|N5|N2|Ab|N3|SBJ.|HIDE|LOC.|OBJ.|Ab|N1|PUSH,zsot|timó|murak|zsot|zilép|pif|zsübe|pa|fer|zsot|pekli|vánta,,production,,,Ab-OBJ-N5-Ab-SBJ-N3-HIDE-TR-Ab-LOC-N1.mp4,
36,production,2,2,328,target,Ab SBJ.N3 JUMP-INTR,Ab SBJ.N3 JUMP-INTR,zsot pif-zilép bonip,SBJ-V.INTR,,,,,,,,,,,Ab|SBJ.|N3|JUMP,zsot|pif|zilép|bonip,N1|N4,JUMP|SBJ.|N3|N1|N4|Ab,bonip|pif|zilép|pekli|dabi|zsot,,production,,,Ab-SBJ-N3-JUMP-INTR.mp4,
37,production,2,2,329,target,SBJ.N5 GO-INTR,GO-INTR SBJ.N5,kávler pif-timó,SBJ-V.INTR,,,,,,,,,,,GO|SBJ.|N5,kávler|pif|timó,Ab|JUMP,Ab|SBJ.|GO|N5|JUMP,zsot|pif|kávler|timó|bonip,,production,,,SBJ-N5-GO-INTR.mp4,
38,production,2,2,330,target,Aa SBJ.N2 HIDE-INTR Ab LOC.N5,HIDE-INTR Aa SBJ.N2 Ab LOC.N5,zsübe gyék pif-murak zsot pa-timó,SBJ-V.INTR-LOC,,,,,,,,,,,HIDE|Aa|SBJ.|N2|Ab|LOC.|N5,zsübe|gyék|pif|murak|zsot|pa|timó,GO|N4,N4|N5|GO|Ab|N2|LOC.|HIDE|SBJ.|Aa,dabi|timó|kávler|zsot|murak|pa|zsübe|pif|gyék,,production,,,Aa-SBJ-N2-HIDE-INTR-Ab-LOC-N5.mp4,
39,production,2,2,331,target,Ab SBJ.N1 JUMP-INTR Aa LOC.N4,JUMP-INTR Aa LOC.N4 Ab SBJ.N1,bonip gyék pa-dabi zsot pif-pekli,SBJ-V.INTR-LOC,,,,,,,,,,,JUMP|Aa|LOC.|N4|Ab|SBJ.|N1,bonip|gyék|pa|dabi|zsot|pif|pekli,N3|HIDE,HIDE|N4|N1|Aa|SBJ.|N3|LOC.|Ab|JUMP,zsübe|dabi|pekli|gyék|pif|zilép|pa|zsot|bonip,,production,,,Ab-SBJ-N1-JUMP-INTR-Aa-LOC-N4.mp4,
40,production,2,2,332,target,Aa SBJ.N1 JUMP-INTR LOC.N4,LOC.N4 JUMP-INTR Aa SBJ.N1,pa-dabi bonip gyék pif-pekli,SBJ-V.INTR-LOC,,,,,,,,,,,LOC.|N4|JUMP|Aa|SBJ.|N1,pa|dabi|bonip|gyék|pif|pekli,REVEAL|Ab,LOC.|Ab|N4|Aa|JUMP|REVEAL|SBJ.|N1,pa|zsot|dabi|gyék|bonip|girda|pif|pekli,,production,,,Aa-SBJ-N1-JUMP-INTR-LOC-N4.mp4,
41,production,2,2,333,target,OBJ.N5 SBJ.N4 PUSH-TR Ab LOC.N3,SBJ.N4 OBJ.N5 PUSH-TR Ab LOC.N3,pif-dabi fer-timó vánta zsot pa-zilép,OBJ-SBJ-V.TR-LOC,,,,,,,,,,,SBJ.|N4|OBJ.|N5|PUSH|Ab|LOC.|N3,pif|dabi|fer|timó|vánta|zsot|pa|zilép,JUMP|N2,N5|PUSH|N2|N3|JUMP|LOC.|N4|SBJ.|OBJ.|Ab,timó|vánta|murak|zilép|bonip|pa|dabi|pif|fer|zsot,,production,,,OBJ-N5-SBJ-N4-PUSH-TR-Ab-LOC-N3.mp4,
42,production,2,2,334,target,Ab OBJ.N5 Ab SBJ.N1 REVEAL-TR,Ab OBJ.N5 REVEAL-TR Ab SBJ.N1,zsot fer-timó girda zsot pif-pekli,OBJ-SBJ-V.TR,,,,,,,,,,,Ab|OBJ.|N5|REVEAL|Ab|SBJ.|N1,zsot|fer|timó|girda|zsot|pif|pekli,JUMP|N2,N2|JUMP|REVEAL|N1|SBJ.|OBJ.|N5|Ab|Ab,murak|bonip|girda|pekli|pif|fer|timó|zsot|zsot,,production,,,Ab-OBJ-N5-Ab-SBJ-N1-REVEAL-TR.mp4,
1,chunk,2,2,335,unseen_legal,N1 N5,REVEAL N5,girda timó,,,,,,unseen_legal,,,,,,,,,,,0,chunk,REVEAL-N5.mp3,,,
2,chunk,2,2,336,illegal,PUSH HIDE,N5 N5,timó timó,,,,,,illegal,,,,,,,,,,,0,chunk,N5-N5.mp3,,,
3,chunk,2,2,337,illegal,HIDE HIDE,N2 N2,murak murak,,,,,,illegal,,,,,,,,,,,0,chunk,N2-N2.mp3,,,
4,chunk,2,2,338,unseen_legal,N1 N4,Ab N4,zsot dabi,,,,,,unseen_legal,,,,,,,,,,,0,chunk,Ab-N4.mp3,,,
5,chunk,2,2,339,seen_low_freq,HIDE Aa,N5 Aa,timó gyék,,,,,,seen_low_freq,,,,,,,,,,,1,chunk,N5-Aa.mp3,,,
6,chunk,2,2,340,unseen_legal,N2 N4,HIDE PUSH,zsübe vánta,,,,,,unseen_legal,,,,,,,,,,,0,chunk,HIDE-PUSH.mp3,,,
7,chunk,2,2,341,unseen_legal,N3 N5,N3 N4,zilép dabi,,,,,,unseen_legal,,,,,,,,,,,0,chunk,N3-N4.mp3,,,
8,chunk,2,2,342,illegal,JUMP REVEAL,N5 N5,timó timó,,,,,,illegal,,,,,,,,,,,0,chunk,N5-N5.mp3,,,
9,chunk,2,2,343,seen_high_freq,N3 HIDE,LOC N5,pa-timó,,,,,,seen_high_freq,,,,,,,,,,,16,chunk,LOC-N5.mp3,,,
10,chunk,2,2,344,seen_low_freq,GO N3,N3 JUMP,zilép bonip,,,,,,seen_low_freq,,,,,,,,,,,2,chunk,N3-JUMP.mp3,,,
11,chunk,2,2,345,seen_low_freq,JUMP N2,HIDE Aa,zsübe gyék,,,,,,seen_low_freq,,,,,,,,,,,3,chunk,HIDE-Aa.mp3,,,
12,chunk,2,2,346,seen_low_freq,GO N1,N1 PUSH,pekli vánta,,,,,,seen_low_freq,,,,,,,,,,,1,chunk,N1-PUSH.mp3,,,
13,chunk,2,2,347,seen_high_freq,N3 GO,N3 OBJ,zilép fer,,,,,,seen_high_freq,,,,,,,,,,,6,chunk,N3-OBJ.mp3,,,
14,chunk,2,2,348,seen_low_freq,JUMP N4,JUMP Ab,bonip zsot,,,,,,seen_low_freq,,,,,,,,,,,2,chunk,JUMP-Ab.mp3,,,
15,chunk,2,2,349,seen_high_freq,N2 REVEAL,LOC N5,pa-timó,,,,,,seen_high_freq,,,,,,,,,,,16,chunk,LOC-N5.mp3,,,
16,chunk,2,2,350,seen_high_freq,PUSH N4,Aa SBJ,gyék pif,,,,,,seen_high_freq,,,,,,,,,,,6,chunk,Aa-SBJ.mp3,,,
17,chunk,2,2,351,seen_high_freq,PUSH N2,Aa SBJ,gyék pif,,,,,,seen_high_freq,,,,,,,,,,,6,chunk,Aa-SBJ.mp3,,,
18,chunk,2,2,352,illegal,HIDE GO,N2 N2,murak murak,,,,,,illegal,,,,,,,,,,,0,chunk,N2-N2.mp3,,,
19,chunk,2,2,353,unseen_legal,N4 N1,Ab N1,zsot pekli,,,,,,unseen_legal,,,,,,,,,,,0,chunk,Ab-N1.mp3,,,
20,chunk,2,2,354,illegal,REVEAL GO,N4 N4,dabi dabi,,,,,,illegal,,,,,,,,,,,0,chunk,N4-N4.mp3,,,
1,gj,2,2,355,grammatical,SBJ.N2 JUMP-INTR LOC.N1,LOC.N1 SBJ.N2 JUMP-INTR,pa-pekli pif-murak bonip,SBJ-V.INTR-LOC,,,,,,grammatical,,,,,,,,,,1,gj,LOC-N1-SBJ-N2-JUMP-INTR.mp3,,,
2,gj,2,2,356,grammatical,Ab OBJ.N5 SBJ.N2 HIDE-TR,SBJ.N2 Ab OBJ.N5 HIDE-TR,pif-murak zsot fer-timó zsübe,OBJ-SBJ-V.TR,,,,,,grammatical,,,,,,,,,,3,gj,SBJ-N2-Ab-OBJ-N5-HIDE-TR.mp3,,,
3,gj,2,2,357,grammatical,OBJ.N5 SBJ.N1 HIDE-TR LOC.N2,SBJ.N1 LOC.N2 HIDE-TR OBJ.N5,pif-pekli pa-murak zsübe fer-timó,OBJ-SBJ-V.TR-LOC,,,,,,grammatical,,,,,,,,,,6,gj,SBJ-N1-LOC-N2-HIDE-TR-OBJ-N5.mp3,,,
4,gj,2,2,358,grammatical,SBJ.N5 JUMP-INTR,SBJ.N5 JUMP-INTR,pif-timó bonip,SBJ-V.INTR,,,,,,grammatical,,,,,,,,,,4,gj,SBJ-N5-JUMP-INTR.mp3,,,
5,gj,2,2,359,grammatical,OBJ.N5 SBJ.N1 PUSH-TR,SBJ.N1 OBJ.N5 PUSH-TR,pif-pekli fer-timó vánta,OBJ-SBJ-V.TR,,,,,,grammatical,,,,,,,,,,5,gj,SBJ-N1-OBJ-N5-PUSH-TR.mp3,,,
6,gj,2,2,360,grammatical,OBJ.N5 Ab SBJ.N2 HIDE-TR Ab LOC.N1,Ab LOC.N1 HIDE-TR Ab SBJ.N2 OBJ.N5,zsot pa-pekli zsübe zsot pif-murak fer-timó,OBJ-SBJ-V.TR-LOC,,,,,,grammatical,,arg-unique-SUBJ,OBJ.N5 Ab SBJ.N2 HIDE-TR Ab LOC.N1,Ab LOC.N1 HIDE-TR Ab SBJ.N2 OBJ.N5,,,,,,0,gj,Ab-LOC-N1-HIDE-TR-Ab-SBJ-N2-OBJ-N5.mp3,,,
7,gj,2,2,361,grammatical,Aa SBJ.N4 JUMP-INTR,Aa SBJ.N4 JUMP-INTR,gyék pif-dabi bonip,SBJ-V.INTR,,,,,,grammatical,,arg-unique-SUBJ,Aa SBJ.N4 JUMP-INTR,Aa SBJ.N4 JUMP-INTR,,,,,,0,gj,Aa-SBJ-N4-JUMP-INTR.mp3,,,
8,gj,2,2,362,grammatical,Aa SBJ.N1 HIDE-INTR Ab LOC.N5,Ab LOC.N5 HIDE-INTR Aa SBJ.N1,zsot pa-timó zsübe gyék pif-pekli,SBJ-V.INTR-LOC,,,,,,grammatical,,arg-unique-SUBJ,Aa SBJ.N1 HIDE-INTR Ab LOC.N5,Ab LOC.N5 HIDE-INTR Aa SBJ.N1,,,,,,0,gj,Ab-LOC-N5-HIDE-INTR-Aa-SBJ-N1.mp3,,,
9,gj,2,2,363,grammatical,Ab SBJ.N2 GO-INTR LOC.N4,Ab SBJ.N2 GO-INTR LOC.N4,zsot pif-murak kávler pa-dabi,SBJ-V.INTR-LOC,,,,,,grammatical,,sent-frame-SUBJ-V.INTR-LOC,Ab SBJ.N2 GO-INTR LOC.N4,Ab SBJ.N2 GO-INTR LOC.N4,,,,,,0,gj,Ab-SBJ-N2-GO-INTR-LOC-N4.mp3,,,
10,gj,2,2,364,grammatical,Ab OBJ.N4 SBJ.N3 REVEAL-TR Aa LOC.N5,Ab OBJ.N4 REVEAL-TR Aa LOC.N5 SBJ.N3,zsot fer-dabi girda gyék pa-timó pif-zilép,OBJ-SBJ-V.TR-LOC,,,,,,grammatical,,noun-phrase-interchange-4-OBJ,OBJ|4,,,,,,,0,gj,Ab-OBJ-N4-REVEAL-TR-Aa-LOC-N5-SBJ-N3.mp3,,,
11,gj,2,2,365,ungrammatical,JUMP-INTR LOC.N1,LOC.N1 JUMP-INTR,pa-pekli bonip,SBJ-V.INTR-LOC,,,,,,ungrammatical,verb_frame,,,,,,,,,,gj,LOC-N1-JUMP-INTR.mp3,,,
12,gj,2,2,366,ungrammatical,OBJ.N5 SBJ.N2 HIDE-TR Ab,SBJ.N2 OBJ.N5 HIDE-TR Ab,pif-murak fer-timó zsübe zsot,OBJ-SBJ-V.TR,,,,,,ungrammatical,NP_structure,,,,,,,,,,gj,SBJ-N2-OBJ-N5-HIDE-TR-Ab.mp3,,,
13,gj,2,2,367,ungrammatical,OBJ.N5 SBJ.N1 HIDE-TR LOC.N2 LOC.N3,SBJ.N1 LOC.N2 HIDE-TR OBJ.N5 LOC.N3,pif-pekli pa-murak zsübe fer-timó pa-zilép,OBJ-SBJ-V.TR-LOC,,,,,,ungrammatical,verb_frame,,,,,,,,,,gj,SBJ-N1-LOC-N2-HIDE-TR-OBJ-N5-LOC-N3.mp3,,,
14,gj,2,2,368,ungrammatical,OBJ.N1 SBJ.N5 JUMP-INTR,OBJ.N1 SBJ.N5 JUMP-INTR,fer-pekli pif-timó bonip,SBJ-V.INTR,,,,,,ungrammatical,verb_frame,,,,,,,,,,gj,OBJ-N1-SBJ-N5-JUMP-INTR.mp3,,,
15,gj,2,2,369,ungrammatical,SBJ.N1 PUSH-TR,SBJ.N1 PUSH-TR,pif-pekli vánta,OBJ-SBJ-V.TR,,,,,,ungrammatical,verb_frame,,,,,,,,,,gj,SBJ-N1-PUSH-TR.mp3,,,
16,gj,2,2,370,ungrammatical,OBJ.N5 SBJ.N2 Ab HIDE-TR Ab LOC.N1 LOC.N3,LOC.N1 Ab HIDE-TR Ab SBJ.N2 OBJ.N5 LOC.N3,pa-pekli zsot zsübe zsot pif-murak fer-timó pa-zilép,OBJ-SBJ-V.TR-LOC,,,,,,ungrammatical,verb_frame_and_NP_structure,arg-unique-SUBJ,OBJ.N5 Ab SBJ.N2 HIDE-TR Ab LOC.N1,Ab LOC.N1 HIDE-TR Ab SBJ.N2 OBJ.N5,,,,,,,gj,LOC-N1-Ab-HIDE-TR-Ab-SBJ-N2-OBJ-N5-LOC-N3.mp3,,,
17,gj,2,2,371,ungrammatical,OBJ.N1 SBJ.N4 JUMP-INTR Aa,OBJ.N1 SBJ.N4 JUMP-INTR Aa,fer-pekli pif-dabi bonip gyék,SBJ-V.INTR,,,,,,ungrammatical,verb_frame_and_NP_structure,arg-unique-SUBJ,Aa SBJ.N4 JUMP-INTR,Aa SBJ.N4 JUMP-INTR,,,,,,,gj,OBJ-N1-SBJ-N4-JUMP-INTR-Aa.mp3,,,
18,gj,2,2,372,ungrammatical,SBJ.N1 Aa HIDE-INTR Ab LOC.N5 LOC.N2,LOC.N5 Ab HIDE-INTR Aa SBJ.N1 LOC.N2,pa-timó zsot zsübe gyék pif-pekli pa-murak,SBJ-V.INTR-LOC,,,,,,ungrammatical,verb_frame_and_NP_structure,arg-unique-SUBJ,Aa SBJ.N1 HIDE-INTR Ab LOC.N5,Ab LOC.N5 HIDE-INTR Aa SBJ.N1,,,,,,,gj,LOC-N5-Ab-HIDE-INTR-Aa-SBJ-N1-LOC-N2.mp3,,,
19,gj,2,2,373,ungrammatical,OBJ.N1 SBJ.N2 Ab GO-INTR LOC.N4,OBJ.N1 SBJ.N2 Ab GO-INTR LOC.N4,fer-pekli pif-murak zsot kávler pa-dabi,SBJ-V.INTR-LOC,,,,,,ungrammatical,verb_frame_and_NP_structure,sent-frame-SUBJ-V.INTR-LOC,Ab SBJ.N2 GO-INTR LOC.N4,Ab SBJ.N2 GO-INTR LOC.N4,,,,,,,gj,OBJ-N1-SBJ-N2-Ab-GO-INTR-LOC-N4.mp3,,,
20,gj,2,2,374,ungrammatical,OBJ.N4 Ab SBJ.N3 REVEAL-TR Aa LOC.N5 LOC.N1,Ab Aa OBJ.N4 REVEAL-TR LOC.N5 SBJ.N3 LOC.N1,zsot gyék fer-dabi girda pa-timó pif-zilép pa-pekli,OBJ-SBJ-V.TR-LOC,,,,,,ungrammatical,verb_frame_and_NP_structure,noun-phrase-interchange-4-OBJ,OBJ|4,,,,,,,,gj,Ab-Aa-OBJ-N4-REVEAL-TR-LOC-N5-SBJ-N3-LOC-N1.mp3,,,
