trial_id_global,difficulty,session,trial_type,sentence_frame,sentence
1,1,1,passive,SBJ-V.INTR,SBJ.N3 REVEAL-INTR
2,2,1,passive,OBJ-SBJ-V.TR,OBJ.N5 SBJ.N4 PUSH-TR
3,2,1,passive,OBJ-SBJ-V.TR,OBJ.N5 SBJ.N1 HIDE-TR
4,1,1,passive,SBJ-V.INTR,SBJ.N1 HIDE-INTR
5,1,1,passive,SBJ-V.INTR,SBJ.N2 REVEAL-INTR
6,2,1,passive,OBJ-SBJ-V.TR,OBJ.N5 SBJ.N3 REVEAL-TR
7,1,1,passive,SBJ-V.INTR,SBJ.N2 GO-INTR
8,2,1,passive,OBJ-SBJ-V.TR,OBJ.N5 SBJ.N1 PUSH-TR
9,1,1,passive,SBJ-V.INTR,SBJ.N1 JUMP-INTR
10,2,1,passive,OBJ-SBJ-V.TR,OBJ.N5 SBJ.N2 REVEAL-TR
11,2,1,passive,OBJ-SBJ-V.TR,OBJ.N5 SBJ.N2 HIDE-TR
12,1,1,passive,SBJ-V.INTR,SBJ.N2 JUMP-INTR
13,1,1,passive,SBJ-V.INTR,SBJ.N5 HIDE-INTR
14,2,1,passive,OBJ-SBJ-V.TR,OBJ.N5 SBJ.N3 REVEAL-TR
15,1,1,passive,SBJ-V.INTR,SBJ.N2 GO-INTR
16,2,1,passive,OBJ-SBJ-V.TR,OBJ.N5 SBJ.N2 PUSH-TR
17,1,1,passive,SBJ-V.INTR,SBJ.N5 REVEAL-INTR
18,2,1,passive,OBJ-SBJ-V.TR,OBJ.N5 SBJ.N4 HIDE-TR
19,1,1,passive,SBJ-V.INTR,SBJ.N2 GO-INTR
20,1,1,passive,SBJ-V.INTR,SBJ.N1 REVEAL-INTR
21,2,1,passive,OBJ-SBJ-V.TR,OBJ.N5 SBJ.N1 REVEAL-TR
22,2,1,passive,OBJ-SBJ-V.TR,OBJ.N5 SBJ.N1 REVEAL-TR
23,3,1,passive,OBJ-SBJ-V.TR-LOC,OBJ.N5 SBJ.N2 PUSH-TR LOC.N1
24,2,1,passive,SBJ-V.INTR-LOC,SBJ.N4 REVEAL-INTR LOC.N3
25,3,1,passive,OBJ-SBJ-V.TR-LOC,OBJ.N5 SBJ.N1 HIDE-TR LOC.N2
26,2,1,passive,SBJ-V.INTR-LOC,SBJ.N4 REVEAL-INTR LOC.N3
27,3,1,passive,OBJ-SBJ-V.TR-LOC,OBJ.N5 SBJ.N4 REVEAL-TR LOC.N1
28,2,1,passive,SBJ-V.INTR-LOC,SBJ.N5 REVEAL-INTR LOC.N3
29,3,1,passive,OBJ-SBJ-V.TR-LOC,OBJ.N5 SBJ.N3 HIDE-TR LOC.N4
30,3,1,passive,OBJ-SBJ-V.TR-LOC,OBJ.N5 SBJ.N1 REVEAL-TR LOC.N2
31,3,1,passive,OBJ-SBJ-V.TR-LOC,OBJ.N5 SBJ.N4 PUSH-TR LOC.N2
32,3,1,passive,OBJ-SBJ-V.TR-LOC,OBJ.N5 SBJ.N4 HIDE-TR LOC.N1
33,2,1,passive,SBJ-V.INTR,Ab SBJ.N2 JUMP-INTR
34,3,1,passive,OBJ-SBJ-V.TR,OBJ.N5 Ab SBJ.N4 REVEAL-TR
35,3,1,passive,OBJ-SBJ-V.TR-LOC,OBJ.N5 SBJ.N3 PUSH-TR LOC.N1
36,2,1,passive,SBJ-V.INTR,Ab SBJ.N4 HIDE-INTR
37,2,1,passive,SBJ-V.INTR-LOC,SBJ.N4 HIDE-INTR LOC.N1
38,2,1,passive,SBJ-V.INTR-LOC,SBJ.N5 JUMP-INTR LOC.N2
39,2,1,passive,SBJ-V.INTR-LOC,SBJ.N5 GO-INTR LOC.N4
40,2,1,passive,SBJ-V.INTR-LOC,SBJ.N3 HIDE-INTR LOC.N4
41,2,1,passive,SBJ-V.INTR-LOC,SBJ.N5 JUMP-INTR LOC.N4
42,3,1,passive,OBJ-SBJ-V.TR,OBJ.N5 Ab SBJ.N1 PUSH-TR
43,1,2,passive,SBJ-V.INTR,SBJ.N1 GO-INTR
44,2,2,passive,OBJ-SBJ-V.TR,OBJ.N5 SBJ.N3 REVEAL-TR
45,2,2,passive,OBJ-SBJ-V.TR,OBJ.N5 SBJ.N2 PUSH-TR
46,1,2,passive,SBJ-V.INTR,SBJ.N1 GO-INTR
47,2,2,passive,OBJ-SBJ-V.TR,OBJ.N5 SBJ.N4 HIDE-TR
48,1,2,passive,SBJ-V.INTR,SBJ.N2 HIDE-INTR
49,2,2,passive,OBJ-SBJ-V.TR,OBJ.N5 SBJ.N3 REVEAL-TR
50,1,2,passive,SBJ-V.INTR,SBJ.N3 JUMP-INTR
51,1,2,passive,SBJ-V.INTR,SBJ.N5 REVEAL-INTR
52,2,2,passive,OBJ-SBJ-V.TR,OBJ.N5 SBJ.N4 HIDE-TR
53,1,2,passive,SBJ-V.INTR,SBJ.N3 JUMP-INTR
54,2,2,passive,OBJ-SBJ-V.TR,OBJ.N5 SBJ.N2 PUSH-TR
55,2,2,passive,OBJ-SBJ-V.TR,OBJ.N5 SBJ.N1 HIDE-TR
56,1,2,passive,SBJ-V.INTR,SBJ.N2 HIDE-INTR
57,2,2,passive,OBJ-SBJ-V.TR,OBJ.N5 SBJ.N2 PUSH-TR
58,1,2,passive,SBJ-V.INTR,SBJ.N3 GO-INTR
59,1,2,passive,SBJ-V.INTR,SBJ.N4 REVEAL-INTR
60,2,2,passive,OBJ-SBJ-V.TR,OBJ.N5 SBJ.N3 REVEAL-TR
61,1,2,passive,SBJ-V.INTR,SBJ.N5 JUMP-INTR
62,1,2,passive,SBJ-V.INTR,SBJ.N3 GO-INTR
63,2,2,passive,OBJ-SBJ-V.TR,OBJ.N5 SBJ.N3 REVEAL-TR
64,2,2,passive,OBJ-SBJ-V.TR,OBJ.N5 SBJ.N1 REVEAL-TR
65,3,2,passive,OBJ-SBJ-V.TR-LOC,OBJ.N5 SBJ.N2 PUSH-TR LOC.N4
66,2,2,passive,SBJ-V.INTR-LOC,SBJ.N4 REVEAL-INTR LOC.N5
67,3,2,passive,OBJ-SBJ-V.TR-LOC,OBJ.N5 SBJ.N1 HIDE-TR LOC.N2
68,2,2,passive,SBJ-V.INTR-LOC,SBJ.N2 REVEAL-INTR LOC.N5
69,3,2,passive,OBJ-SBJ-V.TR-LOC,OBJ.N5 SBJ.N1 PUSH-TR LOC.N2
70,2,2,passive,SBJ-V.INTR-LOC,SBJ.N3 REVEAL-INTR LOC.N4
71,3,2,passive,OBJ-SBJ-V.TR-LOC,OBJ.N5 SBJ.N4 HIDE-TR LOC.N3
72,3,2,passive,OBJ-SBJ-V.TR-LOC,OBJ.N5 SBJ.N3 REVEAL-TR LOC.N4
73,3,2,passive,OBJ-SBJ-V.TR-LOC,OBJ.N5 SBJ.N2 PUSH-TR LOC.N4
74,2,2,passive,OBJ-SBJ-V.TR,OBJ.N5 SBJ.N1 REVEAL-TR
75,3,2,passive,OBJ-SBJ-V.TR-LOC,OBJ.N5 SBJ.N4 HIDE-TR LOC.N2
76,1,2,passive,SBJ-V.INTR,SBJ.N5 JUMP-INTR
77,2,2,passive,SBJ-V.INTR,Aa SBJ.N5 HIDE-INTR
78,2,2,passive,SBJ-V.INTR-LOC,SBJ.N5 GO-INTR LOC.N3
79,2,2,passive,SBJ-V.INTR-LOC,SBJ.N2 JUMP-INTR LOC.N1
80,2,2,passive,SBJ-V.INTR-LOC,SBJ.N3 GO-INTR LOC.N2
81,2,2,passive,SBJ-V.INTR-LOC,SBJ.N5 HIDE-INTR LOC.N3
82,2,2,passive,SBJ-V.INTR-LOC,SBJ.N1 HIDE-INTR LOC.N3
83,2,2,passive,OBJ-SBJ-V.TR,OBJ.N5 SBJ.N4 HIDE-TR
84,3,2,passive,OBJ-SBJ-V.TR-LOC,OBJ.N5 SBJ.N1 HIDE-TR LOC.N2
85,2,2,comprehension,OBJ-SBJ-V.TR,OBJ.N5 SBJ.N2 HIDE-TR
86,1,2,comprehension,SBJ-V.INTR,SBJ.N5 HIDE-INTR
87,1,2,comprehension,SBJ-V.INTR,SBJ.N5 JUMP-INTR
88,2,2,comprehension,OBJ-SBJ-V.TR,OBJ.N5 SBJ.N3 REVEAL-TR
89,2,2,comprehension,OBJ-SBJ-V.TR,OBJ.N5 SBJ.N3 PUSH-TR
90,1,2,comprehension,SBJ-V.INTR,SBJ.N1 HIDE-INTR
91,2,2,comprehension,OBJ-SBJ-V.TR,OBJ.N5 SBJ.N4 HIDE-TR
92,1,2,comprehension,SBJ-V.INTR,SBJ.N2 REVEAL-INTR
93,2,2,comprehension,OBJ-SBJ-V.TR,OBJ.N5 SBJ.N4 PUSH-TR
94,1,2,comprehension,SBJ-V.INTR,SBJ.N1 GO-INTR
95,1,2,comprehension,SBJ-V.INTR,SBJ.N4 REVEAL-INTR
96,2,2,comprehension,OBJ-SBJ-V.TR,OBJ.N5 SBJ.N4 REVEAL-TR
97,1,2,comprehension,SBJ-V.INTR,SBJ.N3 JUMP-INTR
98,2,2,comprehension,OBJ-SBJ-V.TR,OBJ.N5 SBJ.N4 PUSH-TR
99,2,2,comprehension,OBJ-SBJ-V.TR,OBJ.N5 SBJ.N4 REVEAL-TR
100,1,2,comprehension,SBJ-V.INTR,SBJ.N5 GO-INTR
101,1,2,comprehension,SBJ-V.INTR,SBJ.N1 HIDE-INTR
102,2,2,comprehension,OBJ-SBJ-V.TR,OBJ.N5 SBJ.N3 HIDE-TR
103,1,2,comprehension,SBJ-V.INTR,SBJ.N5 REVEAL-INTR
104,1,2,comprehension,SBJ-V.INTR,SBJ.N5 GO-INTR
105,2,2,comprehension,OBJ-SBJ-V.TR,OBJ.N5 SBJ.N1 HIDE-TR
106,2,2,comprehension,OBJ-SBJ-V.TR,OBJ.N5 SBJ.N4 REVEAL-TR
107,2,2,comprehension,SBJ-V.INTR-LOC,SBJ.N2 REVEAL-INTR LOC.N4
108,3,2,comprehension,OBJ-SBJ-V.TR-LOC,OBJ.N5 SBJ.N4 PUSH-TR LOC.N2
109,3,2,comprehension,OBJ-SBJ-V.TR-LOC,OBJ.N5 SBJ.N4 HIDE-TR LOC.N2
110,2,2,comprehension,SBJ-V.INTR-LOC,SBJ.N2 REVEAL-INTR LOC.N4
111,2,2,comprehension,SBJ-V.INTR-LOC,SBJ.N5 REVEAL-INTR LOC.N4
112,3,2,comprehension,OBJ-SBJ-V.TR-LOC,OBJ.N5 SBJ.N4 REVEAL-TR LOC.N1
113,3,2,comprehension,OBJ-SBJ-V.TR-LOC,OBJ.N5 SBJ.N1 HIDE-TR LOC.N2
114,3,2,comprehension,OBJ-SBJ-V.TR-LOC,OBJ.N5 SBJ.N2 PUSH-TR LOC.N4
115,3,2,comprehension,OBJ-SBJ-V.TR-LOC,OBJ.N5 SBJ.N1 REVEAL-TR LOC.N3
116,1,2,comprehension,SBJ-V.INTR,SBJ.N3 GO-INTR
117,3,2,comprehension,OBJ-SBJ-V.TR-LOC,OBJ.N5 SBJ.N3 PUSH-TR LOC.N4
118,3,2,comprehension,OBJ-SBJ-V.TR,OBJ.N5 Ab SBJ.N1 HIDE-TR
119,1,2,comprehension,SBJ-V.INTR,SBJ.N1 JUMP-INTR
120,2,2,comprehension,SBJ-V.INTR-LOC,SBJ.N2 HIDE-INTR LOC.N3
121,2,2,comprehension,SBJ-V.INTR-LOC,SBJ.N4 HIDE-INTR LOC.N5
122,2,2,comprehension,SBJ-V.INTR-LOC,SBJ.N5 GO-INTR LOC.N4
123,2,2,comprehension,SBJ-V.INTR-LOC,SBJ.N3 JUMP-INTR LOC.N2
124,2,2,comprehension,SBJ-V.INTR-LOC,SBJ.N4 JUMP-INTR LOC.N1
125,3,2,comprehension,OBJ-SBJ-V.TR,Ab OBJ.N5 SBJ.N2 HIDE-TR
126,3,2,comprehension,OBJ-SBJ-V.TR-LOC,OBJ.N5 SBJ.N3 REVEAL-TR LOC.N4
127,2,2,production,OBJ-SBJ-V.TR,OBJ.N5 SBJ.N4 HIDE-TR
128,1,2,production,SBJ-V.INTR,SBJ.N3 JUMP-INTR
129,1,2,production,SBJ-V.INTR,SBJ.N4 GO-INTR
130,2,2,production,OBJ-SBJ-V.TR,OBJ.N5 SBJ.N4 PUSH-TR
131,2,2,production,OBJ-SBJ-V.TR,OBJ.N5 SBJ.N3 REVEAL-TR
132,1,2,production,SBJ-V.INTR,SBJ.N4 HIDE-INTR
133,2,2,production,OBJ-SBJ-V.TR,OBJ.N5 SBJ.N4 PUSH-TR
134,1,2,production,SBJ-V.INTR,SBJ.N3 REVEAL-INTR
135,2,2,production,OBJ-SBJ-V.TR,OBJ.N5 SBJ.N4 REVEAL-TR
136,1,2,production,SBJ-V.INTR,SBJ.N3 JUMP-INTR
137,2,2,production,OBJ-SBJ-V.TR,OBJ.N5 SBJ.N4 HIDE-TR
138,1,2,production,SBJ-V.INTR,SBJ.N2 REVEAL-INTR
139,2,2,production,OBJ-SBJ-V.TR,OBJ.N5 SBJ.N4 HIDE-TR
140,1,2,production,SBJ-V.INTR,SBJ.N1 GO-INTR
141,2,2,production,OBJ-SBJ-V.TR,OBJ.N5 SBJ.N3 REVEAL-TR
142,1,2,production,SBJ-V.INTR,SBJ.N3 JUMP-INTR
143,1,2,production,SBJ-V.INTR,SBJ.N4 HIDE-INTR
144,2,2,production,OBJ-SBJ-V.TR,OBJ.N5 SBJ.N2 PUSH-TR
145,1,2,production,SBJ-V.INTR,SBJ.N5 REVEAL-INTR
146,1,2,production,SBJ-V.INTR,SBJ.N3 HIDE-INTR
147,2,2,production,OBJ-SBJ-V.TR,OBJ.N5 SBJ.N2 PUSH-TR
148,2,2,production,OBJ-SBJ-V.TR,OBJ.N5 SBJ.N1 PUSH-TR
149,3,2,production,OBJ-SBJ-V.TR-LOC,OBJ.N5 SBJ.N2 HIDE-TR LOC.N3
150,2,2,production,SBJ-V.INTR-LOC,SBJ.N4 REVEAL-INTR LOC.N3
151,2,2,production,SBJ-V.INTR-LOC,SBJ.N4 REVEAL-INTR LOC.N3
152,3,2,production,OBJ-SBJ-V.TR-LOC,OBJ.N5 SBJ.N1 PUSH-TR LOC.N2
153,3,2,production,OBJ-SBJ-V.TR-LOC,OBJ.N5 SBJ.N1 REVEAL-TR LOC.N3
154,2,2,production,SBJ-V.INTR-LOC,SBJ.N1 REVEAL-INTR LOC.N5
155,3,2,production,OBJ-SBJ-V.TR-LOC,OBJ.N5 SBJ.N2 PUSH-TR LOC.N3
156,3,2,production,OBJ-SBJ-V.TR-LOC,OBJ.N5 SBJ.N1 HIDE-TR LOC.N2
157,3,2,production,OBJ-SBJ-V.TR-LOC,OBJ.N5 SBJ.N2 PUSH-TR LOC.N4
158,2,2,production,OBJ-SBJ-V.TR,OBJ.N5 SBJ.N3 REVEAL-TR
159,3,2,production,OBJ-SBJ-V.TR-LOC,OBJ.N5 SBJ.N3 HIDE-TR LOC.N4
160,2,2,production,SBJ-V.INTR,Aa SBJ.N5 JUMP-INTR
161,1,2,production,SBJ-V.INTR,SBJ.N3 HIDE-INTR
162,2,2,production,SBJ-V.INTR-LOC,SBJ.N3 GO-INTR LOC.N2
163,2,2,production,SBJ-V.INTR-LOC,SBJ.N1 HIDE-INTR LOC.N5
164,2,2,production,SBJ-V.INTR-LOC,SBJ.N1 JUMP-INTR LOC.N5
165,2,2,production,SBJ-V.INTR-LOC,SBJ.N5 GO-INTR LOC.N3
166,2,2,production,SBJ-V.INTR-LOC,SBJ.N5 HIDE-INTR LOC.N2
167,3,2,production,OBJ-SBJ-V.TR-LOC,OBJ.N5 SBJ.N3 HIDE-TR LOC.N2
168,3,2,production,OBJ-SBJ-V.TR,Ab OBJ.N5 SBJ.N2 HIDE-TR
209,3,2,passive,OBJ-SBJ-V.TR-LOC,OBJ.N5 SBJ.N4 PUSH-TR LOC.N1
210,2,2,passive,SBJ-V.INTR-LOC,SBJ.N3 REVEAL-INTR LOC.N2
211,3,2,passive,OBJ-SBJ-V.TR-LOC,OBJ.N5 SBJ.N4 REVEAL-TR LOC.N1
212,2,2,passive,SBJ-V.INTR-LOC,SBJ.N5 REVEAL-INTR LOC.N3
213,2,2,passive,SBJ-V.INTR,Ab SBJ.N1 GO-INTR
214,3,2,passive,OBJ-SBJ-V.TR,Ab OBJ.N5 SBJ.N2 HIDE-TR
215,2,2,passive,SBJ-V.INTR,Ab SBJ.N3 HIDE-INTR
216,3,2,passive,OBJ-SBJ-V.TR-LOC,OBJ.N5 SBJ.N4 PUSH-TR LOC.N1
217,2,2,passive,OBJ-SBJ-V.TR,OBJ.N5 SBJ.N4 REVEAL-TR
218,2,2,passive,SBJ-V.INTR-LOC,SBJ.N5 REVEAL-INTR LOC.N4
219,1,2,passive,SBJ-V.INTR,SBJ.N5 GO-INTR
220,2,2,passive,OBJ-SBJ-V.TR,OBJ.N5 SBJ.N3 HIDE-TR
221,3,2,passive,OBJ-SBJ-V.TR-LOC,OBJ.N5 SBJ.N4 HIDE-TR LOC.N1
222,3,2,passive,OBJ-SBJ-V.TR-LOC,OBJ.N5 SBJ.N3 PUSH-TR LOC.N1
223,3,2,passive,OBJ-SBJ-V.TR,OBJ.N5 Ab SBJ.N2 REVEAL-TR
224,1,2,passive,SBJ-V.INTR,SBJ.N4 JUMP-INTR
225,2,2,passive,SBJ-V.INTR,Ab SBJ.N4 JUMP-INTR
226,2,2,passive,SBJ-V.INTR-LOC,SBJ.N4 GO-INTR LOC.N1
227,2,2,passive,SBJ-V.INTR-LOC,SBJ.N3 HIDE-INTR LOC.N5
228,2,2,passive,SBJ-V.INTR-LOC,SBJ.N1 JUMP-INTR LOC.N2
229,3,2,passive,OBJ-SBJ-V.TR,OBJ.N5 Ab SBJ.N4 REVEAL-TR
230,3,2,passive,OBJ-SBJ-V.TR-LOC,OBJ.N5 SBJ.N3 HIDE-TR LOC.N2
231,4,2,passive,SBJ-V.INTR-LOC,Ab SBJ.N5 REVEAL-INTR Ab LOC.N4
232,5,2,passive,OBJ-SBJ-V.TR-LOC,OBJ.N5 Ab SBJ.N4 PUSH-TR Ab LOC.N2
233,4,2,passive,OBJ-SBJ-V.TR-LOC,OBJ.N5 Ab SBJ.N2 REVEAL-TR LOC.N4
234,2,2,passive,SBJ-V.INTR-LOC,SBJ.N5 REVEAL-INTR LOC.N3
235,2,2,passive,OBJ-SBJ-V.TR,OBJ.N5 SBJ.N1 PUSH-TR
236,1,2,passive,SBJ-V.INTR,SBJ.N1 GO-INTR
237,3,2,passive,OBJ-SBJ-V.TR-LOC,OBJ.N5 SBJ.N1 REVEAL-TR LOC.N2
238,4,2,passive,SBJ-V.INTR-LOC,Ab SBJ.N4 REVEAL-INTR Ab LOC.N5
239,4,2,passive,OBJ-SBJ-V.TR-LOC,OBJ.N5 SBJ.N4 HIDE-TR Ab LOC.N1
240,3,2,passive,OBJ-SBJ-V.TR,OBJ.N5 Ab SBJ.N2 REVEAL-TR
241,2,2,passive,SBJ-V.INTR,Ab SBJ.N1 HIDE-INTR
242,3,2,passive,OBJ-SBJ-V.TR-LOC,OBJ.N5 SBJ.N4 HIDE-TR LOC.N2
243,1,2,passive,SBJ-V.INTR,SBJ.N4 JUMP-INTR
244,2,2,passive,OBJ-SBJ-V.TR,OBJ.N5 SBJ.N1 PUSH-TR
245,2,2,passive,SBJ-V.INTR,Ab SBJ.N4 GO-INTR
246,3,2,passive,SBJ-V.INTR-LOC,Ab SBJ.N2 HIDE-INTR LOC.N1
247,4,2,passive,SBJ-V.INTR-LOC,Ab SBJ.N3 JUMP-INTR Ab LOC.N4
248,4,2,passive,SBJ-V.INTR-LOC,Aa SBJ.N4 GO-INTR Aa LOC.N5
249,4,2,passive,OBJ-SBJ-V.TR-LOC,OBJ.N5 SBJ.N2 PUSH-TR Ab LOC.N4
250,2,2,passive,OBJ-SBJ-V.TR,OBJ.N5 SBJ.N4 REVEAL-TR
251,2,2,comprehension,SBJ-V.INTR-LOC,SBJ.N3 REVEAL-INTR LOC.N5
252,3,2,comprehension,OBJ-SBJ-V.TR-LOC,OBJ.N5 SBJ.N4 PUSH-TR LOC.N2
253,3,2,comprehension,OBJ-SBJ-V.TR-LOC,OBJ.N5 SBJ.N4 HIDE-TR LOC.N3
254,2,2,comprehension,SBJ-V.INTR-LOC,SBJ.N1 REVEAL-INTR LOC.N2
255,2,2,comprehension,OBJ-SBJ-V.TR,OBJ.N5 SBJ.N4 REVEAL-TR
256,1,2,comprehension,SBJ-V.INTR,SBJ.N2 GO-INTR
257,1,2,comprehension,SBJ-V.INTR,SBJ.N5 JUMP-INTR
258,3,2,comprehension,OBJ-SBJ-V.TR-LOC,OBJ.N5 SBJ.N1 PUSH-TR LOC.N2
259,2,2,comprehension,SBJ-V.INTR-LOC,SBJ.N1 REVEAL-INTR LOC.N3
260,3,2,comprehension,OBJ-SBJ-V.TR,Ab OBJ.N5 SBJ.N1 REVEAL-TR
261,2,2,comprehension,SBJ-V.INTR,Ab SBJ.N2 HIDE-INTR
262,3,2,comprehension,OBJ-SBJ-V.TR-LOC,OBJ.N5 SBJ.N1 HIDE-TR LOC.N2
263,3,2,comprehension,OBJ-SBJ-V.TR,OBJ.N5 Ab SBJ.N1 HIDE-TR
264,3,2,comprehension,OBJ-SBJ-V.TR,OBJ.N5 Ab SBJ.N1 REVEAL-TR
265,3,2,comprehension,OBJ-SBJ-V.TR-LOC,OBJ.N5 SBJ.N4 PUSH-TR LOC.N1
266,2,2,comprehension,SBJ-V.INTR,Ab SBJ.N2 GO-INTR
267,1,2,comprehension,SBJ-V.INTR,SBJ.N5 HIDE-INTR
268,2,2,comprehension,SBJ-V.INTR-LOC,SBJ.N1 JUMP-INTR LOC.N3
269,2,2,comprehension,SBJ-V.INTR-LOC,SBJ.N5 GO-INTR LOC.N2
270,2,2,comprehension,SBJ-V.INTR-LOC,SBJ.N3 HIDE-INTR LOC.N5
271,3,2,comprehension,OBJ-SBJ-V.TR-LOC,OBJ.N5 SBJ.N3 PUSH-TR LOC.N1
272,3,2,comprehension,OBJ-SBJ-V.TR,Ab OBJ.N5 SBJ.N1 REVEAL-TR
273,4,2,comprehension,OBJ-SBJ-V.TR-LOC,OBJ.N5 SBJ.N1 PUSH-TR Ab LOC.N3
274,4,2,comprehension,SBJ-V.INTR-LOC,Ab SBJ.N2 REVEAL-INTR Ab LOC.N4
275,5,2,comprehension,OBJ-SBJ-V.TR-LOC,OBJ.N5 Ab SBJ.N1 REVEAL-TR Ab LOC.N3
276,3,2,comprehension,SBJ-V.INTR-LOC,Ab SBJ.N4 REVEAL-INTR LOC.N3
277,4,2,comprehension,SBJ-V.INTR-LOC,Ab SBJ.N5 REVEAL-INTR Ab LOC.N4
278,3,2,comprehension,OBJ-SBJ-V.TR,Ab OBJ.N5 SBJ.N3 PUSH-TR
279,2,2,comprehension,SBJ-V.INTR,Ab SBJ.N4 JUMP-INTR
280,4,2,comprehension,OBJ-SBJ-V.TR-LOC,Ab OBJ.N5 SBJ.N4 HIDE-TR LOC.N3
281,3,2,comprehension,OBJ-SBJ-V.TR,Ab OBJ.N5 SBJ.N4 REVEAL-TR
282,5,2,comprehension,OBJ-SBJ-V.TR-LOC,Ab OBJ.N5 Ab SBJ.N2 HIDE-TR LOC.N4
283,2,2,comprehension,SBJ-V.INTR,Ab SBJ.N4 GO-INTR
284,4,2,comprehension,OBJ-SBJ-V.TR,Ab OBJ.N5 Ab SBJ.N1 PUSH-TR
285,2,2,comprehension,SBJ-V.INTR,Ab SBJ.N5 HIDE-INTR
286,5,2,comprehension,OBJ-SBJ-V.TR-LOC,Ab OBJ.N5 SBJ.N2 REVEAL-TR Ab LOC.N3
287,2,2,comprehension,SBJ-V.INTR,Ab SBJ.N5 HIDE-INTR
288,3,2,comprehension,SBJ-V.INTR-LOC,Ab SBJ.N4 JUMP-INTR LOC.N3
289,4,2,comprehension,SBJ-V.INTR-LOC,Ab SBJ.N4 GO-INTR Ab LOC.N3
290,4,2,comprehension,SBJ-V.INTR-LOC,Ab SBJ.N2 HIDE-INTR Aa LOC.N1
291,4,2,comprehension,OBJ-SBJ-V.TR-LOC,Ab OBJ.N5 SBJ.N1 PUSH-TR LOC.N4
292,4,2,comprehension,OBJ-SBJ-V.TR,Ab OBJ.N5 Ab SBJ.N3 PUSH-TR
293,2,2,production,SBJ-V.INTR-LOC,SBJ.N4 REVEAL-INTR LOC.N5
294,3,2,production,OBJ-SBJ-V.TR-LOC,OBJ.N5 SBJ.N4 HIDE-TR LOC.N3
295,2,2,production,SBJ-V.INTR-LOC,SBJ.N3 REVEAL-INTR LOC.N4
296,3,2,production,OBJ-SBJ-V.TR-LOC,OBJ.N5 SBJ.N1 REVEAL-TR LOC.N4
297,1,2,production,SBJ-V.INTR,SBJ.N3 JUMP-INTR
298,3,2,production,OBJ-SBJ-V.TR,OBJ.N5 Ab SBJ.N3 PUSH-TR
299,2,2,production,SBJ-V.INTR,Ab SBJ.N4 HIDE-INTR
300,2,2,production,SBJ-V.INTR-LOC,SBJ.N2 REVEAL-INTR LOC.N3
301,2,2,production,OBJ-SBJ-V.TR,OBJ.N5 SBJ.N3 PUSH-TR
302,3,2,production,OBJ-SBJ-V.TR-LOC,OBJ.N5 SBJ.N1 HIDE-TR LOC.N4
303,3,2,production,OBJ-SBJ-V.TR-LOC,OBJ.N5 SBJ.N2 REVEAL-TR LOC.N1
304,3,2,production,OBJ-SBJ-V.TR,Ab OBJ.N5 SBJ.N1 PUSH-TR
305,1,2,production,SBJ-V.INTR,SBJ.N2 JUMP-INTR
306,2,2,production,SBJ-V.INTR,Ab SBJ.N1 GO-INTR
307,3,2,production,OBJ-SBJ-V.TR,OBJ.N5 Ab SBJ.N3 HIDE-TR
308,3,2,production,OBJ-SBJ-V.TR-LOC,OBJ.N5 SBJ.N2 REVEAL-TR LOC.N4
309,2,2,production,SBJ-V.INTR,Ab SBJ.N5 JUMP-INTR
310,2,2,production,SBJ-V.INTR-LOC,SBJ.N3 HIDE-INTR LOC.N5
311,2,2,production,SBJ-V.INTR-LOC,SBJ.N3 GO-INTR LOC.N4
312,2,2,production,SBJ-V.INTR-LOC,SBJ.N4 JUMP-INTR LOC.N3
313,3,2,production,OBJ-SBJ-V.TR-LOC,OBJ.N5 SBJ.N1 PUSH-TR LOC.N3
314,3,2,production,OBJ-SBJ-V.TR,OBJ.N5 Ab SBJ.N1 REVEAL-TR
315,5,2,production,OBJ-SBJ-V.TR-LOC,Ab OBJ.N5 Ab SBJ.N1 REVEAL-TR LOC.N2
316,2,2,production,SBJ-V.INTR-LOC,SBJ.N1 REVEAL-INTR LOC.N5
317,4,2,production,OBJ-SBJ-V.TR-LOC,OBJ.N5 SBJ.N1 HIDE-TR Ab LOC.N4
318,3,2,production,SBJ-V.INTR-LOC,Ab SBJ.N1 REVEAL-INTR LOC.N5
319,5,2,production,OBJ-SBJ-V.TR-LOC,OBJ.N5 Ab SBJ.N4 REVEAL-TR Ab LOC.N1
320,3,2,production,SBJ-V.INTR-LOC,Ab SBJ.N2 REVEAL-INTR LOC.N3
321,2,2,production,OBJ-SBJ-V.TR,OBJ.N5 SBJ.N1 PUSH-TR
322,1,2,production,SBJ-V.INTR,SBJ.N2 GO-INTR
323,3,2,production,OBJ-SBJ-V.TR-LOC,OBJ.N5 SBJ.N3 HIDE-TR LOC.N1
324,4,2,production,OBJ-SBJ-V.TR,Ab OBJ.N5 Aa SBJ.N5 REVEAL-TR
325,2,2,production,SBJ-V.INTR,Ab SBJ.N1 HIDE-INTR
326,2,2,production,OBJ-SBJ-V.TR,OBJ.N5 SBJ.N4 PUSH-TR
327,6,2,production,OBJ-SBJ-V.TR-LOC,Ab OBJ.N5 Ab SBJ.N3 HIDE-TR Ab LOC.N1
328,2,2,production,SBJ-V.INTR,Ab SBJ.N3 JUMP-INTR
329,1,2,production,SBJ-V.INTR,SBJ.N5 GO-INTR
330,4,2,production,SBJ-V.INTR-LOC,Aa SBJ.N2 HIDE-INTR Ab LOC.N5
331,4,2,production,SBJ-V.INTR-LOC,Ab SBJ.N1 JUMP-INTR Aa LOC.N4
332,3,2,production,SBJ-V.INTR-LOC,Aa SBJ.N1 JUMP-INTR LOC.N4
333,4,2,production,OBJ-SBJ-V.TR-LOC,OBJ.N5 SBJ.N4 PUSH-TR Ab LOC.N3
334,4,2,production,OBJ-SBJ-V.TR,Ab OBJ.N5 Ab SBJ.N1 REVEAL-TR
375,4,3,passive,OBJ-SBJ-V.TR-LOC,OBJ.N5 SBJ.N1 PUSH-TR Ab LOC.N2
376,3,3,passive,SBJ-V.INTR-LOC,Ab SBJ.N4 REVEAL-INTR LOC.N5
377,4,3,passive,OBJ-SBJ-V.TR-LOC,OBJ.N5 SBJ.N2 HIDE-TR Ab LOC.N4
378,4,3,passive,SBJ-V.INTR-LOC,Ab SBJ.N4 REVEAL-INTR Ab LOC.N5
379,5,3,passive,OBJ-SBJ-V.TR-LOC,OBJ.N5 Ab SBJ.N4 REVEAL-TR Ab LOC.N1
380,3,3,passive,SBJ-V.INTR-LOC,SBJ.N3 REVEAL-INTR Ab LOC.N2
381,4,3,passive,OBJ-SBJ-V.TR-LOC,OBJ.N5 SBJ.N4 HIDE-TR Ab LOC.N2
382,2,3,passive,SBJ-V.INTR,Ab SBJ.N2 HIDE-INTR
383,3,3,passive,SBJ-V.INTR-LOC,SBJ.N5 REVEAL-INTR Ab LOC.N4
384,3,3,passive,OBJ-SBJ-V.TR,OBJ.N5 Ab SBJ.N1 PUSH-TR
385,3,3,passive,SBJ-V.INTR-LOC,SBJ.N5 REVEAL-INTR Ab LOC.N3
386,4,3,passive,OBJ-SBJ-V.TR-LOC,OBJ.N5 Ab SBJ.N4 REVEAL-TR LOC.N3
387,1,3,passive,SBJ-V.INTR,SBJ.N3 JUMP-INTR
388,4,3,passive,OBJ-SBJ-V.TR,Ab OBJ.N5 Ab SBJ.N3 REVEAL-TR
389,5,3,passive,OBJ-SBJ-V.TR-LOC,OBJ.N5 Ab SBJ.N4 PUSH-TR Ab LOC.N2
390,3,3,passive,SBJ-V.INTR-LOC,Ab SBJ.N3 REVEAL-INTR LOC.N4
391,2,3,passive,SBJ-V.INTR,Ab SBJ.N2 GO-INTR
392,2,3,passive,OBJ-SBJ-V.TR,OBJ.N5 SBJ.N2 HIDE-TR
393,4,3,passive,OBJ-SBJ-V.TR,Ab OBJ.N5 Ab SBJ.N1 REVEAL-TR
394,4,3,passive,OBJ-SBJ-V.TR-LOC,OBJ.N5 Ab SBJ.N4 PUSH-TR LOC.N3
395,1,3,passive,SBJ-V.INTR,SBJ.N1 GO-INTR
396,3,3,passive,OBJ-SBJ-V.TR,Ab OBJ.N5 SBJ.N1 HIDE-TR
397,4,3,passive,OBJ-SBJ-V.TR-LOC,OBJ.N5 Ab SBJ.N3 HIDE-TR LOC.N4
398,2,3,passive,SBJ-V.INTR,Ab SBJ.N2 HIDE-INTR
399,5,3,passive,OBJ-SBJ-V.TR-LOC,Ab OBJ.N5 SBJ.N2 REVEAL-TR Ab LOC.N1
400,2,3,passive,SBJ-V.INTR,Ab SBJ.N1 JUMP-INTR
401,2,3,passive,OBJ-SBJ-V.TR,OBJ.N5 SBJ.N2 PUSH-TR
402,2,3,passive,SBJ-V.INTR,Ab SBJ.N4 JUMP-INTR
403,4,3,passive,OBJ-SBJ-V.TR,Ab OBJ.N5 Ab SBJ.N2 REVEAL-TR
404,3,3,passive,OBJ-SBJ-V.TR-LOC,OBJ.N5 SBJ.N2 PUSH-TR LOC.N4
405,5,3,passive,OBJ-SBJ-V.TR-LOC,OBJ.N5 Ab SBJ.N2 HIDE-TR Ab LOC.N3
406,2,3,passive,SBJ-V.INTR,Ab SBJ.N3 GO-INTR
407,1,3,passive,SBJ-V.INTR,SBJ.N5 HIDE-INTR
408,3,3,passive,SBJ-V.INTR-LOC,Ab SBJ.N5 HIDE-INTR LOC.N2
409,3,3,passive,SBJ-V.INTR-LOC,SBJ.N3 JUMP-INTR Aa LOC.N4
410,4,3,passive,SBJ-V.INTR-LOC,Ab SBJ.N5 GO-INTR Aa LOC.N3
411,4,3,passive,SBJ-V.INTR-LOC,Ab SBJ.N4 HIDE-INTR Aa LOC.N3
412,4,3,passive,SBJ-V.INTR-LOC,Aa SBJ.N1 GO-INTR Aa LOC.N4
413,3,3,passive,SBJ-V.INTR-LOC,Ab SBJ.N1 JUMP-INTR LOC.N4
414,4,3,passive,OBJ-SBJ-V.TR,Ab OBJ.N5 Ab SBJ.N3 REVEAL-TR
415,4,3,passive,OBJ-SBJ-V.TR-LOC,Ab OBJ.N5 SBJ.N4 PUSH-TR LOC.N2
416,3,3,passive,OBJ-SBJ-V.TR,Ab OBJ.N5 SBJ.N4 REVEAL-TR
417,4,3,comprehension,SBJ-V.INTR-LOC,Ab SBJ.N3 REVEAL-INTR Ab LOC.N2
418,5,3,comprehension,OBJ-SBJ-V.TR-LOC,OBJ.N5 Ab SBJ.N3 PUSH-TR Ab LOC.N2
419,2,3,comprehension,SBJ-V.INTR-LOC,SBJ.N5 REVEAL-INTR LOC.N4
420,4,3,comprehension,OBJ-SBJ-V.TR-LOC,OBJ.N5 SBJ.N1 REVEAL-TR Ab LOC.N4
421,3,3,comprehension,SBJ-V.INTR-LOC,Ab SBJ.N4 REVEAL-INTR LOC.N5
422,5,3,comprehension,OBJ-SBJ-V.TR-LOC,Ab OBJ.N5 Ab SBJ.N2 HIDE-TR LOC.N4
423,4,3,comprehension,OBJ-SBJ-V.TR-LOC,OBJ.N5 SBJ.N1 REVEAL-TR Ab LOC.N2
424,4,3,comprehension,OBJ-SBJ-V.TR,Ab OBJ.N5 Ab SBJ.N4 PUSH-TR
425,3,3,comprehension,SBJ-V.INTR-LOC,Ab SBJ.N3 REVEAL-INTR LOC.N5
426,1,3,comprehension,SBJ-V.INTR,SBJ.N3 JUMP-INTR
427,2,3,comprehension,SBJ-V.INTR,Ab SBJ.N5 HIDE-INTR
428,3,3,comprehension,SBJ-V.INTR-LOC,SBJ.N2 REVEAL-INTR Ab LOC.N3
429,5,3,comprehension,OBJ-SBJ-V.TR-LOC,Ab OBJ.N5 Ab SBJ.N3 HIDE-TR LOC.N4
430,4,3,comprehension,OBJ-SBJ-V.TR,Ab OBJ.N5 Ab SBJ.N2 HIDE-TR
431,2,3,comprehension,SBJ-V.INTR,Ab SBJ.N2 GO-INTR
432,3,3,comprehension,SBJ-V.INTR-LOC,SBJ.N5 REVEAL-INTR Ab LOC.N4
433,2,3,comprehension,OBJ-SBJ-V.TR,OBJ.N5 SBJ.N2 PUSH-TR
434,5,3,comprehension,OBJ-SBJ-V.TR-LOC,Ab OBJ.N5 SBJ.N1 REVEAL-TR Ab LOC.N2
435,1,3,comprehension,SBJ-V.INTR,SBJ.N1 HIDE-INTR
436,4,3,comprehension,OBJ-SBJ-V.TR,Ab OBJ.N5 Ab SBJ.N1 HIDE-TR
437,5,3,comprehension,OBJ-SBJ-V.TR-LOC,OBJ.N5 Ab SBJ.N1 REVEAL-TR Ab LOC.N2
438,4,3,comprehension,OBJ-SBJ-V.TR,Ab OBJ.N5 Ab SBJ.N4 PUSH-TR
439,5,3,comprehension,OBJ-SBJ-V.TR-LOC,OBJ.N5 Ab SBJ.N3 REVEAL-TR Ab LOC.N1
440,2,3,comprehension,SBJ-V.INTR,Ab SBJ.N3 JUMP-INTR
441,3,3,comprehension,OBJ-SBJ-V.TR-LOC,OBJ.N5 SBJ.N4 PUSH-TR LOC.N2
442,3,3,comprehension,OBJ-SBJ-V.TR,Ab OBJ.N5 SBJ.N3 HIDE-TR
443,1,3,comprehension,SBJ-V.INTR,SBJ.N1 GO-INTR
444,1,3,comprehension,SBJ-V.INTR,SBJ.N5 HIDE-INTR
445,3,3,comprehension,OBJ-SBJ-V.TR,Ab OBJ.N5 SBJ.N4 REVEAL-TR
446,5,3,comprehension,OBJ-SBJ-V.TR-LOC,Ab OBJ.N5 Ab SBJ.N3 PUSH-TR LOC.N2
447,3,3,comprehension,OBJ-SBJ-V.TR,Ab OBJ.N5 SBJ.N2 HIDE-TR
448,1,3,comprehension,SBJ-V.INTR,SBJ.N3 JUMP-INTR
449,1,3,comprehension,SBJ-V.INTR,SBJ.N1 GO-INTR
450,3,3,comprehension,SBJ-V.INTR-LOC,Aa SBJ.N5 GO-INTR LOC.N4
451,3,3,comprehension,SBJ-V.INTR-LOC,SBJ.N3 JUMP-INTR Aa LOC.N1
452,3,3,comprehension,SBJ-V.INTR-LOC,SBJ.N1 HIDE-INTR Ab LOC.N3
453,3,3,comprehension,SBJ-V.INTR-LOC,Ab SBJ.N5 JUMP-INTR LOC.N1
454,4,3,comprehension,SBJ-V.INTR-LOC,Aa SBJ.N5 GO-INTR Aa LOC.N2
455,3,3,comprehension,SBJ-V.INTR-LOC,SBJ.N1 HIDE-INTR Ab LOC.N4
456,5,3,comprehension,OBJ-SBJ-V.TR-LOC,OBJ.N5 Ab SBJ.N1 REVEAL-TR Ab LOC.N3
457,6,3,comprehension,OBJ-SBJ-V.TR-LOC,Ab OBJ.N5 Ab SBJ.N3 HIDE-TR Ab LOC.N4
458,3,3,comprehension,OBJ-SBJ-V.TR,Ab OBJ.N5 SBJ.N4 HIDE-TR
459,5,3,production,OBJ-SBJ-V.TR-LOC,Ab OBJ.N5 Ab SBJ.N2 REVEAL-TR LOC.N1
460,4,3,production,SBJ-V.INTR-LOC,Ab SBJ.N2 REVEAL-INTR Ab LOC.N5
461,3,3,production,SBJ-V.INTR-LOC,Ab SBJ.N5 REVEAL-INTR LOC.N2
462,4,3,production,OBJ-SBJ-V.TR-LOC,OBJ.N5 Ab SBJ.N3 HIDE-TR LOC.N4
463,5,3,production,OBJ-SBJ-V.TR-LOC,OBJ.N5 Ab SBJ.N3 PUSH-TR Ab LOC.N4
464,4,3,production,SBJ-V.INTR-LOC,Ab SBJ.N5 REVEAL-INTR Ab LOC.N2
465,4,3,production,OBJ-SBJ-V.TR-LOC,OBJ.N5 SBJ.N3 HIDE-TR Ab LOC.N2
466,3,3,production,SBJ-V.INTR-LOC,SBJ.N3 REVEAL-INTR Ab LOC.N2
467,4,3,production,OBJ-SBJ-V.TR,Ab OBJ.N5 Ab SBJ.N3 REVEAL-TR
468,1,3,production,SBJ-V.INTR,SBJ.N4 JUMP-INTR
469,3,3,production,SBJ-V.INTR-LOC,Ab SBJ.N3 REVEAL-INTR LOC.N4
470,1,3,production,SBJ-V.INTR,SBJ.N1 GO-INTR
471,4,3,production,OBJ-SBJ-V.TR,Ab OBJ.N5 Ab SBJ.N4 PUSH-TR
472,6,3,production,OBJ-SBJ-V.TR-LOC,Ab OBJ.N5 Ab SBJ.N3 REVEAL-TR Ab LOC.N4
473,5,3,production,OBJ-SBJ-V.TR-LOC,Ab OBJ.N5 Ab SBJ.N1 PUSH-TR LOC.N2
474,3,3,production,OBJ-SBJ-V.TR,Ab OBJ.N5 SBJ.N1 HIDE-TR
475,2,3,production,SBJ-V.INTR-LOC,SBJ.N5 REVEAL-INTR LOC.N3
476,2,3,production,SBJ-V.INTR,Ab SBJ.N5 HIDE-INTR
477,2,3,production,SBJ-V.INTR,Ab SBJ.N2 GO-INTR
478,4,3,production,OBJ-SBJ-V.TR,Ab OBJ.N5 Ab SBJ.N3 REVEAL-TR
479,4,3,production,OBJ-SBJ-V.TR-LOC,OBJ.N5 SBJ.N4 HIDE-TR Ab LOC.N2
480,2,3,production,SBJ-V.INTR,Aa SBJ.N5 JUMP-INTR
481,5,3,production,OBJ-SBJ-V.TR-LOC,Ab OBJ.N5 SBJ.N3 PUSH-TR Ab LOC.N1
482,3,3,production,OBJ-SBJ-V.TR,OBJ.N5 Ab SBJ.N1 REVEAL-TR
483,2,3,production,OBJ-SBJ-V.TR,OBJ.N5 SBJ.N1 HIDE-TR
484,2,3,production,SBJ-V.INTR,Aa SBJ.N5 HIDE-INTR
485,4,3,production,OBJ-SBJ-V.TR-LOC,OBJ.N5 SBJ.N4 PUSH-TR Ab LOC.N2
486,5,3,production,OBJ-SBJ-V.TR-LOC,Ab OBJ.N5 SBJ.N2 REVEAL-TR Ab LOC.N3
487,2,3,production,OBJ-SBJ-V.TR,OBJ.N5 SBJ.N3 PUSH-TR
488,1,3,production,SBJ-V.INTR,SBJ.N5 HIDE-INTR
489,3,3,production,OBJ-SBJ-V.TR,Ab OBJ.N5 SBJ.N3 HIDE-TR
490,1,3,production,SBJ-V.INTR,SBJ.N5 JUMP-INTR
491,2,3,production,SBJ-V.INTR,Ab SBJ.N2 GO-INTR
492,4,3,production,SBJ-V.INTR-LOC,Ab SBJ.N2 GO-INTR Aa LOC.N3
493,4,3,production,SBJ-V.INTR-LOC,Ab SBJ.N4 JUMP-INTR Ab LOC.N1
494,3,3,production,SBJ-V.INTR-LOC,Aa SBJ.N4 HIDE-INTR LOC.N3
495,4,3,production,SBJ-V.INTR-LOC,Aa SBJ.N5 GO-INTR Ab LOC.N4
496,4,3,production,SBJ-V.INTR-LOC,Ab SBJ.N5 JUMP-INTR Aa LOC.N3
497,3,3,production,SBJ-V.INTR-LOC,SBJ.N5 HIDE-INTR Aa LOC.N3
498,3,3,production,OBJ-SBJ-V.TR-LOC,OBJ.N5 SBJ.N2 PUSH-TR LOC.N1
499,4,3,production,OBJ-SBJ-V.TR-LOC,OBJ.N5 SBJ.N4 HIDE-TR Ab LOC.N2
500,3,3,production,OBJ-SBJ-V.TR,Ab OBJ.N5 SBJ.N1 HIDE-TR
541,5,3,passive,OBJ-SBJ-V.TR-LOC,Ab OBJ.N5 SBJ.N3 HIDE-TR Ab LOC.N2
542,3,3,passive,SBJ-V.INTR-LOC,Ab SBJ.N2 REVEAL-INTR LOC.N3
543,5,3,passive,OBJ-SBJ-V.TR-LOC,Ab OBJ.N5 SBJ.N4 PUSH-TR Ab LOC.N3
544,2,3,passive,SBJ-V.INTR,Ab SBJ.N1 GO-INTR
545,4,3,passive,OBJ-SBJ-V.TR,Ab OBJ.N5 Ab SBJ.N2 REVEAL-TR
546,2,3,passive,SBJ-V.INTR-LOC,SBJ.N2 REVEAL-INTR LOC.N4
547,2,3,passive,SBJ-V.INTR-LOC,SBJ.N4 REVEAL-INTR LOC.N5
548,4,3,passive,OBJ-SBJ-V.TR,Ab OBJ.N5 Ab SBJ.N4 PUSH-TR
549,6,3,passive,OBJ-SBJ-V.TR-LOC,Ab OBJ.N5 Ab SBJ.N2 REVEAL-TR Ab LOC.N4
550,2,3,passive,SBJ-V.INTR,Aa SBJ.N5 JUMP-INTR
551,4,3,passive,OBJ-SBJ-V.TR-LOC,Ab OBJ.N5 SBJ.N3 HIDE-TR LOC.N2
552,4,3,passive,OBJ-SBJ-V.TR,Ab OBJ.N5 Ab SBJ.N2 REVEAL-TR
553,2,3,passive,SBJ-V.INTR,Aa SBJ.N5 HIDE-INTR
554,3,3,passive,SBJ-V.INTR-LOC,SBJ.N5 REVEAL-INTR Ab LOC.N3
555,2,3,passive,SBJ-V.INTR-LOC,SBJ.N5 REVEAL-INTR LOC.N2
556,2,3,passive,SBJ-V.INTR,Aa SBJ.N5 JUMP-INTR
557,4,3,passive,OBJ-SBJ-V.TR,Ab OBJ.N5 Aa SBJ.N5 PUSH-TR
558,5,3,passive,OBJ-SBJ-V.TR-LOC,Ab OBJ.N5 SBJ.N3 HIDE-TR Ab LOC.N4
559,1,3,passive,SBJ-V.INTR,SBJ.N3 GO-INTR
560,4,3,passive,OBJ-SBJ-V.TR-LOC,Ab OBJ.N5 SBJ.N4 REVEAL-TR LOC.N3
561,4,3,passive,OBJ-SBJ-V.TR,Ab OBJ.N5 Aa SBJ.N5 HIDE-TR
562,3,3,passive,SBJ-V.INTR-LOC,SBJ.N3 REVEAL-INTR Ab LOC.N5
563,2,3,passive,OBJ-SBJ-V.TR,OBJ.N5 SBJ.N4 PUSH-TR
564,2,3,passive,SBJ-V.INTR,Ab SBJ.N5 HIDE-INTR
565,5,3,passive,OBJ-SBJ-V.TR-LOC,OBJ.N5 Ab SBJ.N4 PUSH-TR Ab LOC.N3
566,2,3,passive,SBJ-V.INTR,Ab SBJ.N5 JUMP-INTR
567,2,3,passive,OBJ-SBJ-V.TR,OBJ.N5 SBJ.N2 HIDE-TR
568,4,3,passive,OBJ-SBJ-V.TR-LOC,OBJ.N5 Ab SBJ.N2 REVEAL-TR LOC.N4
569,2,3,passive,SBJ-V.INTR,Aa SBJ.N5 HIDE-INTR
570,3,3,passive,OBJ-SBJ-V.TR-LOC,OBJ.N5 SBJ.N2 HIDE-TR LOC.N3
571,2,3,passive,OBJ-SBJ-V.TR,OBJ.N5 SBJ.N4 REVEAL-TR
572,4,3,passive,OBJ-SBJ-V.TR,Ab OBJ.N5 Ab SBJ.N4 PUSH-TR
573,2,3,passive,SBJ-V.INTR,Ab SBJ.N5 GO-INTR
574,1,3,passive,SBJ-V.INTR,SBJ.N5 JUMP-INTR
575,3,3,passive,SBJ-V.INTR-LOC,SBJ.N3 HIDE-INTR Aa LOC.N2
576,3,3,passive,SBJ-V.INTR-LOC,Aa SBJ.N1 GO-INTR LOC.N4
577,3,3,passive,SBJ-V.INTR-LOC,SBJ.N4 GO-INTR Ab LOC.N2
578,4,3,passive,SBJ-V.INTR-LOC,Ab SBJ.N1 JUMP-INTR Aa LOC.N2
579,3,3,passive,SBJ-V.INTR-LOC,Aa SBJ.N2 HIDE-INTR LOC.N1
580,4,3,passive,OBJ-SBJ-V.TR-LOC,Ab OBJ.N5 SBJ.N3 REVEAL-TR LOC.N2
581,5,3,passive,OBJ-SBJ-V.TR-LOC,OBJ.N5 Ab SBJ.N1 PUSH-TR Ab LOC.N3
582,4,3,passive,OBJ-SBJ-V.TR,Ab OBJ.N5 Aa SBJ.N5 REVEAL-TR
583,4,3,comprehension,OBJ-SBJ-V.TR-LOC,Ab OBJ.N5 SBJ.N2 REVEAL-TR LOC.N4
584,4,3,comprehension,SBJ-V.INTR-LOC,Ab SBJ.N5 REVEAL-INTR Ab LOC.N4
585,2,3,comprehension,SBJ-V.INTR,Aa SBJ.N5 GO-INTR
586,3,3,comprehension,OBJ-SBJ-V.TR,Ab OBJ.N5 SBJ.N2 HIDE-TR
587,2,3,comprehension,SBJ-V.INTR-LOC,SBJ.N2 REVEAL-INTR LOC.N3
588,4,3,comprehension,OBJ-SBJ-V.TR-LOC,OBJ.N5 Ab SBJ.N4 PUSH-TR LOC.N2
589,3,3,comprehension,OBJ-SBJ-V.TR,Ab OBJ.N5 SBJ.N2 HIDE-TR
590,5,3,comprehension,OBJ-SBJ-V.TR-LOC,Ab OBJ.N5 SBJ.N3 PUSH-TR Ab LOC.N1
591,1,3,comprehension,SBJ-V.INTR,SBJ.N4 JUMP-INTR
592,3,3,comprehension,SBJ-V.INTR-LOC,SBJ.N3 REVEAL-INTR Ab LOC.N5
593,2,3,comprehension,SBJ-V.INTR,Ab SBJ.N5 HIDE-INTR
594,4,3,comprehension,OBJ-SBJ-V.TR,Ab OBJ.N5 Ab SBJ.N2 REVEAL-TR
595,2,3,comprehension,SBJ-V.INTR-LOC,SBJ.N5 REVEAL-INTR LOC.N4
596,3,3,comprehension,OBJ-SBJ-V.TR-LOC,OBJ.N5 SBJ.N1 REVEAL-TR LOC.N3
597,3,3,comprehension,SBJ-V.INTR-LOC,SBJ.N1 REVEAL-INTR Ab LOC.N5
598,5,3,comprehension,OBJ-SBJ-V.TR-LOC,Ab OBJ.N5 SBJ.N3 HIDE-TR Ab LOC.N1
599,2,3,comprehension,SBJ-V.INTR,Aa SBJ.N5 HIDE-INTR
600,4,3,comprehension,OBJ-SBJ-V.TR,Ab OBJ.N5 Aa SBJ.N5 PUSH-TR
601,1,3,comprehension,SBJ-V.INTR,SBJ.N2 GO-INTR
602,3,3,comprehension,SBJ-V.INTR-LOC,Ab SBJ.N4 REVEAL-INTR LOC.N2
603,5,3,comprehension,OBJ-SBJ-V.TR-LOC,Ab OBJ.N5 SBJ.N2 HIDE-TR Ab LOC.N4
604,3,3,comprehension,OBJ-SBJ-V.TR,OBJ.N5 Ab SBJ.N1 PUSH-TR
605,2,3,comprehension,SBJ-V.INTR,Ab SBJ.N3 JUMP-INTR
606,5,3,comprehension,OBJ-SBJ-V.TR-LOC,Ab OBJ.N5 Ab SBJ.N3 REVEAL-TR LOC.N4
607,3,3,comprehension,OBJ-SBJ-V.TR,OBJ.N5 Ab SBJ.N4 PUSH-TR
608,5,3,comprehension,OBJ-SBJ-V.TR-LOC,Ab OBJ.N5 Ab SBJ.N2 HIDE-TR LOC.N4
609,3,3,comprehension,OBJ-SBJ-V.TR,OBJ.N5 Ab SBJ.N4 REVEAL-TR
610,1,3,comprehension,SBJ-V.INTR,SBJ.N4 HIDE-INTR
611,2,3,comprehension,SBJ-V.INTR,Ab SBJ.N3 GO-INTR
612,5,3,comprehension,OBJ-SBJ-V.TR-LOC,OBJ.N5 Ab SBJ.N1 PUSH-TR Ab LOC.N4
613,4,3,comprehension,OBJ-SBJ-V.TR,Aa OBJ.N5 Ab SBJ.N5 REVEAL-TR
614,2,3,comprehension,SBJ-V.INTR,Ab SBJ.N5 JUMP-INTR
615,2,3,comprehension,OBJ-SBJ-V.TR,OBJ.N5 SBJ.N2 HIDE-TR
616,2,3,comprehension,SBJ-V.INTR,Ab SBJ.N4 HIDE-INTR
617,4,3,comprehension,SBJ-V.INTR-LOC,Ab SBJ.N1 JUMP-INTR Aa LOC.N4
618,4,3,comprehension,SBJ-V.INTR-LOC,Aa SBJ.N5 GO-INTR Ab LOC.N3
619,3,3,comprehension,SBJ-V.INTR-LOC,SBJ.N1 GO-INTR Aa LOC.N4
620,4,3,comprehension,SBJ-V.INTR-LOC,Aa SBJ.N2 HIDE-INTR Ab LOC.N5
621,3,3,comprehension,SBJ-V.INTR-LOC,SBJ.N4 JUMP-INTR Aa LOC.N5
622,5,3,comprehension,OBJ-SBJ-V.TR-LOC,OBJ.N5 Ab SBJ.N3 HIDE-TR Ab LOC.N4
623,5,3,comprehension,OBJ-SBJ-V.TR-LOC,Ab OBJ.N5 Ab SBJ.N3 REVEAL-TR LOC.N4
624,3,3,comprehension,OBJ-SBJ-V.TR,OBJ.N5 Ab SBJ.N3 PUSH-TR
625,3,3,production,SBJ-V.INTR-LOC,Ab SBJ.N4 REVEAL-INTR LOC.N3
626,5,3,production,OBJ-SBJ-V.TR-LOC,OBJ.N5 Ab SBJ.N4 PUSH-TR Ab LOC.N3
627,3,3,production,OBJ-SBJ-V.TR,Ab OBJ.N5 SBJ.N4 HIDE-TR
628,2,3,production,SBJ-V.INTR,Aa SBJ.N5 JUMP-INTR
629,3,3,production,SBJ-V.INTR-LOC,Ab SBJ.N3 REVEAL-INTR LOC.N5
630,4,3,production,OBJ-SBJ-V.TR-LOC,Ab OBJ.N5 SBJ.N2 REVEAL-TR LOC.N4
631,5,3,production,OBJ-SBJ-V.TR-LOC,Ab OBJ.N5 SBJ.N3 HIDE-TR Ab LOC.N4
632,3,3,production,SBJ-V.INTR-LOC,SBJ.N5 REVEAL-INTR Ab LOC.N3
633,3,3,production,OBJ-SBJ-V.TR,OBJ.N5 Ab SBJ.N2 PUSH-TR
634,1,3,production,SBJ-V.INTR,SBJ.N3 HIDE-INTR
635,1,3,production,SBJ-V.INTR,SBJ.N5 GO-INTR
636,4,3,production,OBJ-SBJ-V.TR-LOC,OBJ.N5 Ab SBJ.N1 REVEAL-TR LOC.N2
637,4,3,production,SBJ-V.INTR-LOC,Ab SBJ.N4 REVEAL-INTR Ab LOC.N5
638,3,3,production,OBJ-SBJ-V.TR,Ab OBJ.N5 SBJ.N2 HIDE-TR
639,4,3,production,SBJ-V.INTR-LOC,Ab SBJ.N2 REVEAL-INTR Ab LOC.N5
640,4,3,production,OBJ-SBJ-V.TR-LOC,OBJ.N5 SBJ.N1 REVEAL-TR Ab LOC.N2
641,4,3,production,OBJ-SBJ-V.TR,Ab OBJ.N5 Ab SBJ.N4 PUSH-TR
642,1,3,production,SBJ-V.INTR,SBJ.N1 HIDE-INTR
643,4,3,production,SBJ-V.INTR-LOC,Ab SBJ.N4 REVEAL-INTR Ab LOC.N5
644,5,3,production,OBJ-SBJ-V.TR-LOC,Ab OBJ.N5 SBJ.N1 PUSH-TR Ab LOC.N3
645,2,3,production,SBJ-V.INTR,Aa SBJ.N5 JUMP-INTR
646,4,3,production,OBJ-SBJ-V.TR,Ab OBJ.N5 Ab SBJ.N3 HIDE-TR
647,5,3,production,OBJ-SBJ-V.TR-LOC,Ab OBJ.N5 Ab SBJ.N4 REVEAL-TR LOC.N1
648,3,3,production,OBJ-SBJ-V.TR,OBJ.N5 Ab SBJ.N2 REVEAL-TR
649,2,3,production,SBJ-V.INTR,Ab SBJ.N3 GO-INTR
650,4,3,production,OBJ-SBJ-V.TR-LOC,OBJ.N5 Ab SBJ.N3 PUSH-TR LOC.N1
651,1,3,production,SBJ-V.INTR,SBJ.N2 HIDE-INTR
652,3,3,production,OBJ-SBJ-V.TR,Ab OBJ.N5 SBJ.N3 HIDE-TR
653,2,3,production,SBJ-V.INTR,Ab SBJ.N3 JUMP-INTR
654,4,3,production,OBJ-SBJ-V.TR-LOC,OBJ.N5 SBJ.N4 HIDE-TR Ab LOC.N2
655,2,3,production,OBJ-SBJ-V.TR,OBJ.N5 SBJ.N3 PUSH-TR
656,5,3,production,OBJ-SBJ-V.TR-LOC,OBJ.N5 Ab SBJ.N1 REVEAL-TR Ab LOC.N3
657,2,3,production,SBJ-V.INTR,Ab SBJ.N2 GO-INTR
658,2,3,production,SBJ-V.INTR,Ab SBJ.N5 GO-INTR
659,4,3,production,SBJ-V.INTR-LOC,Aa SBJ.N4 HIDE-INTR Aa LOC.N5
660,2,3,production,SBJ-V.INTR-LOC,SBJ.N1 JUMP-INTR LOC.N4
661,4,3,production,SBJ-V.INTR-LOC,Aa SBJ.N1 HIDE-INTR Ab LOC.N5
662,4,3,production,SBJ-V.INTR-LOC,Aa SBJ.N1 GO-INTR Aa LOC.N5
663,4,3,production,SBJ-V.INTR-LOC,Aa SBJ.N3 JUMP-INTR Aa LOC.N2
664,3,3,production,OBJ-SBJ-V.TR,OBJ.N5 Ab SBJ.N4 PUSH-TR
665,6,3,production,OBJ-SBJ-V.TR-LOC,Ab OBJ.N5 Ab SBJ.N1 HIDE-TR Ab LOC.N2
666,4,3,production,OBJ-SBJ-V.TR,Ab OBJ.N5 Ab SBJ.N1 PUSH-TR
